pool_id,source_scheme_id,group,teams,topsis_score
P0001,S0006,G01,龙游县、义乌市、三门县、松阳县,0.678442
P0001,S0006,G02,龙泉市、磐安县、苍南县、长兴县,0.678442
P0001,S0006,G03,淳安县、慈溪市、台州市、永康市,0.678442
P0001,S0006,G04,平湖市、龙港市、浦江县、诸暨市,0.678442
P0001,S0006,G05,湖州市、温岭市、海盐县、嵊泗县,0.678442
P0001,S0006,G06,开化县、温州市、东阳市、遂昌县,0.678442
P0001,S0006,G07,武义县、玉环市、嵊州市、德清县,0.678442
P0001,S0006,G08,天台县、缙云县、金华市、平阳县,0.678442
P0001,S0006,G09,舟山市、景宁畲族自治县、桐乡市、乐清市,0.678442
P0001,S0006,G10,绍兴市、桐庐县、瑞安市、宁海县,0.678442
P0001,S0006,G11,丽水市、永嘉县、临海市、嘉善县,0.678442
P0001,S0006,G12,建德市、泰顺县、青田县、嘉兴市,0.678442
P0001,S0006,G13,衢州市、新昌县、海宁市、仙居县,0.678442
P0001,S0006,G14,余姚市、庆元县、安吉县、常山县,0.678442
P0001,S0006,G15,江山市、兰溪市、宁波市、云和县,0.678442
P0001,S0006,G16,岱山县、杭州市、文成县、象山县,0.678442
P0002,S0001,G01,杭州市、江山市、泰顺县、东阳市,0.671207
P0002,S0001,G02,宁波市、三门县、遂昌县、淳安县,0.671207
P0002,S0001,G03,温州市、青田县、开化县、建德市,0.671207
P0002,S0001,G04,嘉兴市、永康市、景宁畲族自治县、平阳县,0.671207
P0002,S0001,G05,湖州市、义乌市、云和县、温岭市,0.671207
P0002,S0001,G06,绍兴市、桐乡市、桐庐县、磐安县,0.671207
P0002,S0001,G07,金华市、庆元县、嘉善县、仙居县,0.671207
P0002,S0001,G08,衢州市、天台县、象山县、龙泉市,0.671207
P0002,S0001,G09,舟山市、临海市、德清县、永嘉县,0.671207
P0002,S0001,G10,台州市、海盐县、宁海县、苍南县,0.671207
P0002,S0001,G11,丽水市、文成县、海宁市、新昌县,0.671207
P0002,S0001,G12,松阳县、乐清市、浦江县、嵊泗县,0.671207
P0002,S0001,G13,龙游县、兰溪市、玉环市、嵊州市,0.671207
P0002,S0001,G14,瑞安市、诸暨市、武义县、长兴县,0.671207
P0002,S0001,G15,常山县、余姚市、安吉县、缙云县,0.671207
P0002,S0001,G16,龙港市、平湖市、岱山县、慈溪市,0.671207
P0003,S0009,G01,青田县、临海市、象山县、温州市,0.659779
P0003,S0009,G02,宁波市、松阳县、永康市、德清县,0.659779
P0003,S0009,G03,温岭市、桐乡市、岱山县、东阳市,0.659779
P0003,S0009,G04,台州市、云和县、文成县、宁海县,0.659779
P0003,S0009,G05,天台县、庆元县、嘉善县、衢州市,0.659779
P0003,S0009,G06,永嘉县、长兴县、舟山市、浦江县,0.659779
P0003,S0009,G07,武义县、乐清市、景宁畲族自治县、诸暨市,0.659779
P0003,S0009,G08,平阳县、开化县、义乌市、海宁市,0.659779
P0003,S0009,G09,杭州市、玉环市、磐安县、泰顺县,0.659779
P0003,S0009,G10,仙居县、嵊泗县、慈溪市、安吉县,0.659779
P0003,S0009,G11,桐庐县、常山县、新昌县、龙泉市,0.659779
P0003,S0009,G12,湖州市、建德市、嵊州市、平湖市,0.659779
P0003,S0009,G13,余姚市、丽水市、淳安县、苍南县,0.659779
P0003,S0009,G14,海盐县、缙云县、绍兴市、龙港市,0.659779
P0003,S0009,G15,江山市、兰溪市、嘉兴市、三门县,0.659779
P0003,S0009,G16,瑞安市、龙游县、金华市、遂昌县,0.659779
P0004,S0017,G01,青田县、永康市、龙港市、仙居县,0.654558
P0004,S0017,G02,开化县、永嘉县、嘉善县、磐安县,0.654558
P0004,S0017,G03,杭州市、景宁畲族自治县、兰溪市、泰顺县,0.654558
P0004,S0017,G04,淳安县、缙云县、三门县、温州市,0.654558
P0004,S0017,G05,舟山市、龙游县、龙泉市、温岭市,0.654558
P0004,S0017,G06,岱山县、松阳县、玉环市、衢州市,0.654558
P0004,S0017,G07,金华市、海盐县、遂昌县、诸暨市,0.654558
P0004,S0017,G08,武义县、丽水市、长兴县、临海市,0.654558
P0004,S0017,G09,湖州市、东阳市、常山县、文成县,0.654558
P0004,S0017,G10,台州市、桐乡市、建德市、余姚市,0.654558
P0004,S0017,G11,安吉县、象山县、庆元县、嘉兴市,0.654558
P0004,S0017,G12,乐清市、天台县、嵊泗县、浦江县,0.654558
P0004,S0017,G13,平阳县、宁波市、江山市、云和县,0.654558
P0004,S0017,G14,海宁市、新昌县、宁海县、瑞安市,0.654558
P0004,S0017,G15,平湖市、义乌市、嵊州市、桐庐县,0.654558
P0004,S0017,G16,慈溪市、绍兴市、德清县、苍南县,0.654558
P0005,S0025,G01,遂昌县、湖州市、玉环市、江山市,0.653633
P0005,S0025,G02,宁波市、泰顺县、松阳县、常山县,0.653633
P0005,S0025,G03,瑞安市、余姚市、义乌市、绍兴市,0.653633
P0005,S0025,G04,衢州市、永嘉县、东阳市、缙云县,0.653633
P0005,S0025,G05,温州市、景宁畲族自治县、磐安县、长兴县,0.653633
P0005,S0025,G06,建德市、桐乡市、温岭市、舟山市,0.653633
P0005,S0025,G07,嵊州市、嘉兴市、德清县、淳安县,0.653633
P0005,S0025,G08,龙游县、平湖市、兰溪市、平阳县,0.653633
P0005,S0025,G09,乐清市、嘉善县、宁海县、云和县,0.653633
P0005,S0025,G10,金华市、龙泉市、诸暨市、嵊泗县,0.653633
P0005,S0025,G11,丽水市、永康市、桐庐县、龙港市,0.653633
P0005,S0025,G12,临海市、慈溪市、海宁市、庆元县,0.653633
P0005,S0025,G13,象山县、安吉县、台州市、开化县,0.653633
P0005,S0025,G14,苍南县、岱山县、三门县、新昌县,0.653633
P0005,S0025,G15,文成县、天台县、青田县、武义县,0.653633
P0005,S0025,G16,浦江县、海盐县、仙居县、杭州市,0.653633
P0006,S0030,G01,开化县、缙云县、淳安县、乐清市,0.643017
P0006,S0030,G02,宁海县、三门县、嵊州市、庆元县,0.643017
P0006,S0030,G03,温州市、建德市、景宁畲族自治县、东阳市,0.643017
P0006,S0030,G04,嘉兴市、松阳县、兰溪市、永嘉县,0.643017
P0006,S0030,G05,平阳县、义乌市、桐乡市、台州市,0.643017
P0006,S0030,G06,海盐县、江山市、绍兴市、桐庐县,0.643017
P0006,S0030,G07,泰顺县、杭州市、浦江县、嵊泗县,0.643017
P0006,S0030,G08,龙港市、温岭市、龙泉市、舟山市,0.643017
P0006,S0030,G09,湖州市、岱山县、海宁市、文成县,0.643017
P0006,S0030,G10,遂昌县、武义县、瑞安市、天台县,0.643017
P0006,S0030,G11,金华市、德清县、龙游县、玉环市,0.643017
P0006,S0030,G12,永康市、诸暨市、常山县、象山县,0.643017
P0006,S0030,G13,云和县、苍南县、安吉县、衢州市,0.643017
P0006,S0030,G14,青田县、磐安县、宁波市、仙居县,0.643017
P0006,S0030,G15,长兴县、平湖市、丽水市、慈溪市,0.643017
P0006,S0030,G16,新昌县、余姚市、临海市、嘉善县,0.643017
P0007,S0026,G01,龙泉市、嵊泗县、常山县、武义县,0.641129
P0007,S0026,G02,东阳市、泰顺县、缙云县、慈溪市,0.641129
P0007,S0026,G03,温州市、余姚市、磐安县、临海市,0.641129
P0007,S0026,G04,文成县、安吉县、桐乡市、舟山市,0.641129
P0007,S0026,G05,湖州市、三门县、龙游县、宁海县,0.641129
P0007,S0026,G06,诸暨市、松阳县、海宁市、苍南县,0.641129
P0007,S0026,G07,宁波市、德清县、平湖市、新昌县,0.641129
P0007,S0026,G08,景宁畲族自治县、仙居县、衢州市、永嘉县,0.641129
P0007,S0026,G09,淳安县、义乌市、江山市、嘉兴市,0.641129
P0007,S0026,G10,台州市、浦江县、长兴县、嘉善县,0.641129
P0007,S0026,G11,天台县、云和县、海盐县、绍兴市,0.641129
P0007,S0026,G12,岱山县、瑞安市、丽水市、兰溪市,0.641129
P0007,S0026,G13,建德市、玉环市、金华市、青田县,0.641129
P0007,S0026,G14,龙港市、桐庐县、永康市、象山县,0.641129
P0007,S0026,G15,杭州市、开化县、遂昌县、平阳县,0.641129
P0007,S0026,G16,庆元县、乐清市、温岭市、嵊州市,0.641129
P0008,S0016,G01,常山县、慈溪市、平阳县、永康市,0.639213
P0008,S0016,G02,兰溪市、文成县、海盐县、绍兴市,0.639213
P0008,S0016,G03,庆元县、浦江县、淳安县、江山市,0.639213
P0008,S0016,G04,缙云县、海宁市、安吉县、天台县,0.639213
P0008,S0016,G05,温州市、德清县、象山县、诸暨市,0.639213
P0008,S0016,G06,湖州市、龙泉市、温岭市、磐安县,0.639213
P0008,S0016,G07,建德市、武义县、嵊泗县、玉环市,0.639213
P0008,S0016,G08,衢州市、龙港市、青田县、长兴县,0.639213
P0008,S0016,G09,舟山市、临海市、嘉善县、义乌市,0.639213
P0008,S0016,G10,杭州市、龙游县、东阳市、泰顺县,0.639213
P0008,S0016,G11,丽水市、平湖市、瑞安市、仙居县,0.639213
P0008,S0016,G12,三门县、嘉兴市、新昌县、余姚市,0.639213
P0008,S0016,G13,台州市、永嘉县、云和县、嵊州市,0.639213
P0008,S0016,G14,遂昌县、金华市、乐清市、开化县,0.639213
P0008,S0016,G15,松阳县、苍南县、岱山县、宁波市,0.639213
P0008,S0016,G16,景宁畲族自治县、宁海县、桐乡市、桐庐县,0.639213
P0009,S0021,G01,杭州市、永康市、龙港市、嵊泗县,0.638277
P0009,S0021,G02,江山市、淳安县、慈溪市、海宁市,0.638277
P0009,S0021,G03,衢州市、武义县、余姚市、德清县,0.638277
P0009,S0021,G04,岱山县、仙居县、丽水市、浦江县,0.638277
P0009,S0021,G05,义乌市、台州市、海盐县、宁海县,0.638277
P0009,S0021,G06,湖州市、永嘉县、桐乡市、新昌县,0.638277
P0009,S0021,G07,舟山市、平阳县、安吉县、临海市,0.638277
P0009,S0021,G08,嵊州市、瑞安市、嘉兴市、东阳市,0.638277
P0009,S0021,G09,诸暨市、松阳县、常山县、平湖市,0.638277
P0009,S0021,G10,苍南县、遂昌县、嘉善县、象山县,0.638277
P0009,S0021,G11,云和县、绍兴市、开化县、玉环市,0.638277
P0009,S0021,G12,庆元县、三门县、磐安县、温州市,0.638277
P0009,S0021,G13,宁波市、泰顺县、缙云县、龙游县,0.638277
P0009,S0021,G14,长兴县、建德市、青田县、乐清市,0.638277
P0009,S0021,G15,龙泉市、桐庐县、天台县、兰溪市,0.638277
P0009,S0021,G16,温岭市、景宁畲族自治县、文成县、金华市,0.638277
P0010,S0003,G01,杭州市、海盐县、文成县、象山县,0.635037
P0010,S0003,G02,湖州市、海宁市、龙游县、松阳县,0.635037
P0010,S0003,G03,瑞安市、长兴县、天台县、青田县,0.635037
P0010,S0003,G04,嘉兴市、新昌县、余姚市、龙泉市,0.635037
P0010,S0003,G05,平湖市、兰溪市、衢州市、临海市,0.635037
P0010,S0003,G06,淳安县、宁波市、龙港市、德清县,0.635037
P0010,S0003,G07,开化县、嵊州市、云和县、浦江县,0.635037
P0010,S0003,G08,永康市、仙居县、常山县、乐清市,0.635037
P0010,S0003,G09,诸暨市、缙云县、苍南县、建德市,0.635037
P0010,S0003,G10,台州市、庆元县、平阳县、嵊泗县,0.635037
P0010,S0003,G11,丽水市、磐安县、慈溪市、嘉善县,0.635037
P0010,S0003,G12,永嘉县、绍兴市、东阳市、玉环市,0.635037
P0010,S0003,G13,温州市、景宁畲族自治县、安吉县、江山市,0.635037
P0010,S0003,G14,桐庐县、金华市、遂昌县、宁海县,0.635037
P0010,S0003,G15,桐乡市、武义县、温岭市、岱山县,0.635037
P0010,S0003,G16,义乌市、泰顺县、三门县、舟山市,0.635037
P0011,S0047,G01,武义县、江山市、泰顺县、湖州市,0.632773
P0011,S0047,G02,安吉县、永嘉县、衢州市、嵊州市,0.632773
P0011,S0047,G03,温州市、天台县、新昌县、建德市,0.632773
P0011,S0047,G04,三门县、云和县、苍南县、浦江县,0.632773
P0011,S0047,G05,景宁畲族自治县、桐庐县、义乌市、瑞安市,0.632773
P0011,S0047,G06,绍兴市、东阳市、余姚市、缙云县,0.632773
P0011,S0047,G07,金华市、临海市、海宁市、青田县,0.632773
P0011,S0047,G08,台州市、常山县、龙港市、诸暨市,0.632773
P0011,S0047,G09,淳安县、乐清市、嘉兴市、宁海县,0.632773
P0011,S0047,G10,杭州市、磐安县、龙游县、遂昌县,0.632773
P0011,S0047,G11,丽水市、平湖市、玉环市、开化县,0.632773
P0011,S0047,G12,永康市、象山县、温岭市、松阳县,0.632773
P0011,S0047,G13,文成县、兰溪市、嵊泗县、德清县,0.632773
P0011,S0047,G14,慈溪市、龙泉市、海盐县、舟山市,0.632773
P0011,S0047,G15,长兴县、桐乡市、宁波市、岱山县,0.632773
P0011,S0047,G16,庆元县、平阳县、嘉善县、仙居县,0.632773
P0012,S0012,G01,嘉善县、缙云县、东阳市、衢州市,0.628806
P0012,S0012,G02,安吉县、温州市、象山县、武义县,0.628806
P0012,S0012,G03,新昌县、青田县、嘉兴市、临海市,0.628806
P0012,S0012,G04,平湖市、岱山县、玉环市、淳安县,0.628806
P0012,S0012,G05,湖州市、慈溪市、浦江县、江山市,0.628806
P0012,S0012,G06,平阳县、诸暨市、龙泉市、义乌市,0.628806
P0012,S0012,G07,宁海县、常山县、三门县、桐乡市,0.628806
P0012,S0012,G08,云和县、瑞安市、金华市、桐庐县,0.628806
P0012,S0012,G09,开化县、嵊州市、磐安县、仙居县,0.628806
P0012,S0012,G10,台州市、长兴县、景宁畲族自治县、永康市,0.628806
P0012,S0012,G11,丽水市、余姚市、乐清市、德清县,0.628806
P0012,S0012,G12,苍南县、龙游县、庆元县、舟山市,0.628806
P0012,S0012,G13,温岭市、松阳县、泰顺县、建德市,0.628806
P0012,S0012,G14,永嘉县、兰溪市、绍兴市、海宁市,0.628806
P0012,S0012,G15,文成县、天台县、宁波市、嵊泗县,0.628806
P0012,S0012,G16,海盐县、杭州市、龙港市、遂昌县,0.628806
P0013,S0018,G01,平湖市、庆元县、嵊州市、浦江县,0.627079
P0013,S0018,G02,宁波市、开化县、德清县、青田县,0.627079
P0013,S0018,G03,义乌市、桐乡市、绍兴市、淳安县,0.627079
P0013,S0018,G04,衢州市、永康市、天台县、苍南县,0.627079
P0013,S0018,G05,长兴县、丽水市、玉环市、武义县,0.627079
P0013,S0018,G06,临海市、湖州市、常山县、永嘉县,0.627079
P0013,S0018,G07,金华市、新昌县、龙游县、文成县,0.627079
P0013,S0018,G08,嵊泗县、海宁市、慈溪市、东阳市,0.627079
P0013,S0018,G09,云和县、温州市、海盐县、仙居县,0.627079
P0013,S0018,G10,舟山市、平阳县、桐庐县、温岭市,0.627079
P0013,S0018,G11,安吉县、泰顺县、嘉兴市、缙云县,0.627079
P0013,S0018,G12,杭州市、江山市、三门县、兰溪市,0.627079
P0013,S0018,G13,景宁畲族自治县、瑞安市、台州市、象山县,0.627079
P0013,S0018,G14,松阳县、诸暨市、余姚市、嘉善县,0.627079
P0013,S0018,G15,龙泉市、建德市、乐清市、岱山县,0.627079
P0013,S0018,G16,磐安县、龙港市、宁海县、遂昌县,0.627079
P0014,S0008,G01,岱山县、慈溪市、东阳市、常山县,0.623178
P0014,S0008,G02,浦江县、杭州市、泰顺县、松阳县,0.623178
P0014,S0008,G03,嘉善县、龙游县、景宁畲族自治县、磐安县,0.623178
P0014,S0008,G04,淳安县、三门县、龙港市、宁波市,0.623178
P0014,S0008,G05,象山县、青田县、舟山市、海盐县,0.623178
P0014,S0008,G06,宁海县、云和县、建德市、瑞安市,0.623178
P0014,S0008,G07,龙泉市、衢州市、天台县、长兴县,0.623178
P0014,S0008,G08,平阳县、武义县、温岭市、绍兴市,0.623178
P0014,S0008,G09,嘉兴市、新昌县、江山市、遂昌县,0.623178
P0014,S0008,G10,玉环市、金华市、安吉县、乐清市,0.623178
P0014,S0008,G11,丽水市、文成县、海宁市、永康市,0.623178
P0014,S0008,G12,兰溪市、湖州市、余姚市、嵊泗县,0.623178
P0014,S0008,G13,开化县、温州市、临海市、桐庐县,0.623178
P0014,S0008,G14,苍南县、诸暨市、台州市、桐乡市,0.623178
P0014,S0008,G15,永嘉县、义乌市、嵊州市、庆元县,0.623178
P0014,S0008,G16,平湖市、缙云县、仙居县、德清县,0.623178
P0015,S0011,G01,东阳市、缙云县、嘉善县、建德市,0.619994
P0015,S0011,G02,青田县、湖州市、临海市、兰溪市,0.619994
P0015,S0011,G03,平湖市、庆元县、苍南县、武义县,0.619994
P0015,S0011,G04,新昌县、天台县、瑞安市、磐安县,0.619994
P0015,S0011,G05,长兴县、龙游县、永康市、慈溪市,0.619994
P0015,S0011,G06,绍兴市、岱山县、海盐县、景宁畲族自治县,0.619994
P0015,S0011,G07,义乌市、温岭市、海宁市、诸暨市,0.619994
P0015,S0011,G08,嵊泗县、杭州市、常山县、云和县,0.619994
P0015,S0011,G09,丽水市、淳安县、嵊州市、永嘉县,0.619994
P0015,S0011,G10,台州市、文成县、安吉县、宁海县,0.619994
P0015,S0011,G11,嘉兴市、乐清市、德清县、江山市,0.619994
P0015,S0011,G12,温州市、仙居县、浦江县、开化县,0.619994
P0015,S0011,G13,平阳县、桐庐县、象山县、衢州市,0.619994
P0015,S0011,G14,泰顺县、松阳县、桐乡市、舟山市,0.619994
P0015,S0011,G15,金华市、玉环市、龙泉市、余姚市,0.619994
P0015,S0011,G16,宁波市、龙港市、三门县、遂昌县,0.619994
P0016,S0034,G01,海宁市、江山市、永康市、平阳县,0.618157
P0016,S0034,G02,宁波市、永嘉县、长兴县、青田县,0.618157
P0016,S0034,G03,温州市、景宁畲族自治县、临海市、诸暨市,0.618157
P0016,S0034,G04,嘉兴市、浦江县、遂昌县、泰顺县,0.618157
P0016,S0034,G05,龙泉市、义乌市、宁海县、衢州市,0.618157
P0016,S0034,G06,杭州市、云和县、仙居县、象山县,0.618157
P0016,S0034,G07,嵊州市、乐清市、兰溪市、桐庐县,0.618157
P0016,S0034,G08,湖州市、东阳市、新昌县、龙港市,0.618157
P0016,S0034,G09,舟山市、德清县、桐乡市、慈溪市,0.618157
P0016,S0034,G10,丽水市、平湖市、磐安县、余姚市,0.618157
P0016,S0034,G11,嵊泗县、武义县、三门县、龙游县,0.618157
P0016,S0034,G12,文成县、缙云县、天台县、绍兴市,0.618157
P0016,S0034,G13,温岭市、建德市、苍南县、嘉善县,0.618157
P0016,S0034,G14,淳安县、常山县、安吉县、台州市,0.618157
P0016,S0034,G15,岱山县、玉环市、松阳县、海盐县,0.618157
P0016,S0034,G16,庆元县、瑞安市、金华市、开化县,0.618157
P0017,S0052,G01,杭州市、东阳市、庆元县、泰顺县,0.616907
P0017,S0052,G02,温州市、嵊泗县、义乌市、三门县,0.616907
P0017,S0052,G03,龙港市、兰溪市、宁波市、玉环市,0.616907
P0017,S0052,G04,嘉兴市、苍南县、嵊州市、安吉县,0.616907
P0017,S0052,G05,湖州市、建德市、海宁市、松阳县,0.616907
P0017,S0052,G06,温岭市、宁海县、衢州市、青田县,0.616907
P0017,S0052,G07,金华市、岱山县、天台县、平湖市,0.616907
P0017,S0052,G08,桐乡市、长兴县、缙云县、新昌县,0.616907
P0017,S0052,G09,丽水市、桐庐县、海盐县、慈溪市,0.616907
P0017,S0052,G10,瑞安市、遂昌县、绍兴市、嘉善县,0.616907
P0017,S0052,G11,龙泉市、常山县、永康市、诸暨市,0.616907
P0017,S0052,G12,浦江县、永嘉县、象山县、仙居县,0.616907
P0017,S0052,G13,余姚市、淳安县、台州市、平阳县,0.616907
P0017,S0052,G14,文成县、武义县、江山市、舟山市,0.616907
P0017,S0052,G15,临海市、磐安县、开化县、景宁畲族自治县,0.616907
P0017,S0052,G16,云和县、德清县、龙游县、乐清市,0.616907
P0018,S0035,G01,岱山县、温岭市、桐乡市、龙港市,0.615950
P0018,S0035,G02,宁波市、遂昌县、东阳市、江山市,0.615950
P0018,S0035,G03,衢州市、庆元县、长兴县、兰溪市,0.615950
P0018,S0035,G04,武义县、海宁市、永嘉县、青田县,0.615950
P0018,S0035,G05,临海市、嘉善县、文成县、慈溪市,0.615950
P0018,S0035,G06,绍兴市、景宁畲族自治县、苍南县、嵊泗县,0.615950
P0018,S0035,G07,平阳县、浦江县、台州市、象山县,0.615950
P0018,S0035,G08,舟山市、嵊州市、三门县、瑞安市,0.615950
P0018,S0035,G09,湖州市、新昌县、乐清市、开化县,0.615950
P0018,S0035,G10,磐安县、玉环市、丽水市、建德市,0.615950
P0018,S0035,G11,杭州市、泰顺县、宁海县、平湖市,0.615950
P0018,S0035,G12,天台县、安吉县、嘉兴市、淳安县,0.615950
P0018,S0035,G13,温州市、松阳县、永康市、仙居县,0.615950
P0018,S0035,G14,德清县、龙游县、余姚市、云和县,0.615950
P0018,S0035,G15,龙泉市、金华市、海盐县、诸暨市,0.615950
P0018,S0035,G16,桐庐县、缙云县、义乌市、常山县,0.615950
P0019,S0004,G01,宁波市、磐安县、德清县、建德市,0.614175
P0019,S0004,G02,三门县、缙云县、新昌县、常山县,0.614175
P0019,S0004,G03,温州市、永康市、平湖市、云和县,0.614175
P0019,S0004,G04,玉环市、庆元县、衢州市、苍南县,0.614175
P0019,S0004,G05,长兴县、景宁畲族自治县、桐乡市、嵊州市,0.614175
P0019,S0004,G06,绍兴市、嵊泗县、慈溪市、淳安县,0.614175
P0019,S0004,G07,龙港市、海宁市、温岭市、象山县,0.614175
P0019,S0004,G08,临海市、永嘉县、兰溪市、桐庐县,0.614175
P0019,S0004,G09,诸暨市、平阳县、安吉县、东阳市,0.614175
P0019,S0004,G10,金华市、瑞安市、龙泉市、余姚市,0.614175
P0019,S0004,G11,丽水市、义乌市、天台县、岱山县,0.614175
P0019,S0004,G12,浦江县、文成县、舟山市、江山市,0.614175
P0019,S0004,G13,宁海县、遂昌县、武义县、湖州市,0.614175
P0019,S0004,G14,仙居县、开化县、青田县、嘉兴市,0.614175
P0019,S0004,G15,嘉善县、松阳县、台州市、乐清市,0.614175
P0019,S0004,G16,海盐县、泰顺县、杭州市、龙游县,0.614175
P0020,S0036,G01,海盐县、永康市、缙云县、台州市,0.614141
P0020,S0036,G02,开化县、余姚市、东阳市、玉环市,0.614141
P0020,S0036,G03,温州市、景宁畲族自治县、兰溪市、温岭市,0.614141
P0020,S0036,G04,湖州市、象山县、瑞安市、桐乡市,0.614141
P0020,S0036,G05,建德市、宁海县、龙游县、龙泉市,0.614141
P0020,S0036,G06,诸暨市、磐安县、嘉兴市、龙港市,0.614141
P0020,S0036,G07,金华市、江山市、永嘉县、桐庐县,0.614141
P0020,S0036,G08,义乌市、衢州市、安吉县、新昌县,0.614141
P0020,S0036,G09,舟山市、海宁市、乐清市、常山县,0.614141
P0020,S0036,G10,仙居县、嘉善县、遂昌县、武义县,0.614141
P0020,S0036,G11,丽水市、泰顺县、浦江县、天台县,0.614141
P0020,S0036,G12,庆元县、宁波市、长兴县、淳安县,0.614141
P0020,S0036,G13,岱山县、平湖市、文成县、松阳县,0.614141
P0020,S0036,G14,三门县、平阳县、绍兴市、云和县,0.614141
P0020,S0036,G15,临海市、苍南县、杭州市、青田县,0.614141
P0020,S0036,G16,慈溪市、嵊泗县、嵊州市、德清县,0.614141
P0021,S0002,G01,杭州市、兰溪市、江山市、岱山县,0.613740
P0021,S0002,G02,德清县、瑞安市、临海市、平湖市,0.613740
P0021,S0002,G03,舟山市、安吉县、永康市、龙游县,0.613740
P0021,S0002,G04,玉环市、遂昌县、磐安县、建德市,0.613740
P0021,S0002,G05,湖州市、三门县、象山县、庆元县,0.613740
P0021,S0002,G06,绍兴市、松阳县、宁海县、平阳县,0.613740
P0021,S0002,G07,金华市、泰顺县、温岭市、龙泉市,0.613740
P0021,S0002,G08,天台县、开化县、海宁市、浦江县,0.613740
P0021,S0002,G09,海盐县、东阳市、永嘉县、宁波市,0.613740
P0021,S0002,G10,嵊泗县、嘉兴市、桐庐县、诸暨市,0.613740
P0021,S0002,G11,丽水市、苍南县、新昌县、桐乡市,0.613740
P0021,S0002,G12,慈溪市、文成县、云和县、衢州市,0.613740
P0021,S0002,G13,青田县、台州市、义乌市、长兴县,0.613740
P0021,S0002,G14,淳安县、常山县、温州市、嵊州市,0.613740
P0021,S0002,G15,缙云县、乐清市、武义县、仙居县,0.613740
P0021,S0002,G16,景宁畲族自治县、龙港市、嘉善县、余姚市,0.613740
P0022,S0033,G01,嵊州市、海盐县、乐清市、永康市,0.613189
P0022,S0033,G02,宁波市、东阳市、临海市、安吉县,0.613189
P0022,S0033,G03,绍兴市、慈溪市、磐安县、青田县,0.613189
P0022,S0033,G04,嘉兴市、兰溪市、宁海县、江山市,0.613189
P0022,S0033,G05,长兴县、文成县、杭州市、开化县,0.613189
P0022,S0033,G06,苍南县、龙泉市、玉环市、余姚市,0.613189
P0022,S0033,G07,金华市、象山县、松阳县、泰顺县,0.613189
P0022,S0033,G08,温岭市、遂昌县、嵊泗县、温州市,0.613189
P0022,S0033,G09,舟山市、义乌市、天台县、平阳县,0.613189
P0022,S0033,G10,台州市、缙云县、龙港市、嘉善县,0.613189
P0022,S0033,G11,丽水市、桐乡市、建德市、新昌县,0.613189
P0022,S0033,G12,桐庐县、景宁畲族自治县、浦江县、龙游县,0.613189
P0022,S0033,G13,瑞安市、岱山县、衢州市、德清县,0.613189
P0022,S0033,G14,武义县、海宁市、三门县、庆元县,0.613189
P0022,S0033,G15,永嘉县、淳安县、云和县、仙居县,0.613189
P0022,S0033,G16,诸暨市、平湖市、常山县、湖州市,0.613189
P0023,S0074,G01,义乌市、象山县、遂昌县、天台县,0.612803
P0023,S0074,G02,台州市、泰顺县、嵊州市、海盐县,0.612803
P0023,S0074,G03,龙泉市、平阳县、余姚市、三门县,0.612803
P0023,S0074,G04,瑞安市、临海市、龙游县、平湖市,0.612803
P0023,S0074,G05,安吉县、宁波市、岱山县、东阳市,0.612803
P0023,S0074,G06,丽水市、龙港市、开化县、浦江县,0.612803
P0023,S0074,G07,金华市、玉环市、海宁市、嵊泗县,0.612803
P0023,S0074,G08,苍南县、德清县、杭州市、松阳县,0.612803
P0023,S0074,G09,温岭市、兰溪市、云和县、衢州市,0.612803
P0023,S0074,G10,庆元县、诸暨市、长兴县、建德市,0.612803
P0023,S0074,G11,常山县、宁海县、湖州市、淳安县,0.612803
P0023,S0074,G12,嘉善县、景宁畲族自治县、文成县、仙居县,0.612803
P0023,S0074,G13,桐庐县、嘉兴市、永嘉县、武义县,0.612803
P0023,S0074,G14,江山市、青田县、绍兴市、永康市,0.612803
P0023,S0074,G15,温州市、缙云县、磐安县、桐乡市,0.612803
P0023,S0074,G16,慈溪市、乐清市、新昌县、舟山市,0.612803
P0024,S0007,G01,松阳县、慈溪市、永嘉县、平湖市,0.612190
P0024,S0007,G02,平阳县、浦江县、庆元县、湖州市,0.612190
P0024,S0007,G03,苍南县、丽水市、玉环市、义乌市,0.612190
P0024,S0007,G04,诸暨市、景宁畲族自治县、仙居县、建德市,0.612190
P0024,S0007,G05,宁波市、江山市、兰溪市、青田县,0.612190
P0024,S0007,G06,台州市、新昌县、缙云县、淳安县,0.612190
P0024,S0007,G07,天台县、嵊州市、遂昌县、桐乡市,0.612190
P0024,S0007,G08,海盐县、乐清市、永康市、象山县,0.612190
P0024,S0007,G09,文成县、常山县、嘉兴市、德清县,0.612190
P0024,S0007,G10,嵊泗县、临海市、武义县、绍兴市,0.612190
P0024,S0007,G11,云和县、三门县、岱山县、瑞安市,0.612190
P0024,S0007,G12,桐庐县、磐安县、温州市、安吉县,0.612190
P0024,S0007,G13,衢州市、龙泉市、余姚市、龙港市,0.612190
P0024,S0007,G14,泰顺县、东阳市、杭州市、宁海县,0.612190
P0024,S0007,G15,嘉善县、龙游县、金华市、长兴县,0.612190
P0024,S0007,G16,海宁市、温岭市、舟山市、开化县,0.612190
P0025,S0028,G01,瑞安市、长兴县、海盐县、丽水市,0.611285
P0025,S0028,G02,宁波市、浦江县、安吉县、临海市,0.611285
P0025,S0028,G03,嵊泗县、常山县、文成县、桐庐县,0.611285
P0025,S0028,G04,平湖市、龙港市、宁海县、玉环市,0.611285
P0025,S0028,G05,湖州市、武义县、温岭市、青田县,0.611285
P0025,S0028,G06,绍兴市、乐清市、三门县、景宁畲族自治县,0.611285
P0025,S0028,G07,金华市、龙泉市、苍南县、海宁市,0.611285
P0025,S0028,G08,衢州市、缙云县、永嘉县、磐安县,0.611285
P0025,S0028,G09,舟山市、淳安县、龙游县、慈溪市,0.611285
P0025,S0028,G10,德清县、泰顺县、松阳县、余姚市,0.611285
P0025,S0028,G11,永康市、嵊州市、天台县、嘉善县,0.611285
P0025,S0028,G12,云和县、桐乡市、台州市、平阳县,0.611285
P0025,S0028,G13,庆元县、嘉兴市、义乌市、江山市,0.611285
P0025,S0028,G14,杭州市、开化县、遂昌县、东阳市,0.611285
P0025,S0028,G15,建德市、温州市、兰溪市、新昌县,0.611285
P0025,S0028,G16,象山县、诸暨市、仙居县、岱山县,0.611285
P0026,S0078,G01,余姚市、苍南县、嵊泗县、松阳县,0.610677
P0026,S0078,G02,遂昌县、宁波市、江山市、桐庐县,0.610677
P0026,S0078,G03,温州市、海盐县、磐安县、宁海县,0.610677
P0026,S0078,G04,台州市、兰溪市、龙泉市、瑞安市,0.610677
P0026,S0078,G05,湖州市、嘉善县、缙云县、淳安县,0.610677
P0026,S0078,G06,海宁市、安吉县、杭州市、泰顺县,0.610677
P0026,S0078,G07,诸暨市、青田县、玉环市、永康市,0.610677
P0026,S0078,G08,丽水市、浦江县、三门县、乐清市,0.610677
P0026,S0078,G09,岱山县、云和县、嘉兴市、龙游县,0.610677
P0026,S0078,G10,绍兴市、义乌市、平阳县、开化县,0.610677
P0026,S0078,G11,舟山市、永嘉县、天台县、平湖市,0.610677
P0026,S0078,G12,桐乡市、慈溪市、长兴县、建德市,0.610677
P0026,S0078,G13,庆元县、龙港市、温岭市、衢州市,0.610677
P0026,S0078,G14,金华市、临海市、德清县、文成县,0.610677
P0026,S0078,G15,象山县、嵊州市、东阳市、景宁畲族自治县,0.610677
P0026,S0078,G16,常山县、新昌县、仙居县、武义县,0.610677
P0027,S0020,G01,庆元县、天台县、磐安县、苍南县,0.610529
P0027,S0020,G02,开化县、嘉兴市、长兴县、缙云县,0.610529
P0027,S0020,G03,温州市、遂昌县、仙居县、建德市,0.610529
P0027,S0020,G04,嵊州市、永康市、玉环市、桐乡市,0.610529
P0027,S0020,G05,台州市、景宁畲族自治县、慈溪市、龙港市,0.610529
P0027,S0020,G06,绍兴市、临海市、海宁市、嵊泗县,0.610529
P0027,S0020,G07,金华市、松阳县、三门县、淳安县,0.610529
P0027,S0020,G08,衢州市、平阳县、余姚市、嘉善县,0.610529
P0027,S0020,G09,舟山市、浦江县、温岭市、常山县,0.610529
P0027,S0020,G10,龙游县、平湖市、丽水市、诸暨市,0.610529
P0027,S0020,G11,龙泉市、安吉县、江山市、瑞安市,0.610529
P0027,S0020,G12,云和县、宁波市、武义县、岱山县,0.610529
P0027,S0020,G13,杭州市、泰顺县、德清县、兰溪市,0.610529
P0027,S0020,G14,桐庐县、永嘉县、宁海县、东阳市,0.610529
P0027,S0020,G15,乐清市、湖州市、海盐县、义乌市,0.610529
P0027,S0020,G16,文成县、新昌县、象山县、青田县,0.610529
P0028,S0022,G01,桐庐县、青田县、海盐县、绍兴市,0.610422
P0028,S0022,G02,三门县、缙云县、海宁市、嵊州市,0.610422
P0028,S0022,G03,温州市、宁海县、东阳市、开化县,0.610422
P0028,S0022,G04,宁波市、泰顺县、永康市、景宁畲族自治县,0.610422
P0028,S0022,G05,天台县、义乌市、余姚市、淳安县,0.610422
P0028,S0022,G06,丽水市、温岭市、龙游县、磐安县,0.610422
P0028,S0022,G07,金华市、庆元县、岱山县、江山市,0.610422
P0028,S0022,G08,仙居县、新昌县、龙泉市、浦江县,0.610422
P0028,S0022,G09,松阳县、永嘉县、湖州市、武义县,0.610422
P0028,S0022,G10,龙港市、象山县、衢州市、玉环市,0.610422
P0028,S0022,G11,台州市、遂昌县、嵊泗县、瑞安市,0.610422
P0028,S0022,G12,慈溪市、杭州市、文成县、常山县,0.610422
P0028,S0022,G13,嘉善县、诸暨市、建德市、安吉县,0.610422
P0028,S0022,G14,乐清市、云和县、舟山市、平湖市,0.610422
P0028,S0022,G15,长兴县、桐乡市、兰溪市、平阳县,0.610422
P0028,S0022,G16,苍南县、临海市、德清县、嘉兴市,0.610422
P0029,S0076,G01,浦江县、龙港市、临海市、庆元县,0.606063
P0029,S0076,G02,宁波市、德清县、嘉善县、开化县,0.606063
P0029,S0076,G03,温州市、岱山县、建德市、慈溪市,0.606063
P0029,S0076,G04,江山市、金华市、淳安县、景宁畲族自治县,0.606063
P0029,S0076,G05,龙泉市、义乌市、永嘉县、诸暨市,0.606063
P0029,S0076,G06,杭州市、磐安县、象山县、松阳县,0.606063
P0029,S0076,G07,云和县、桐乡市、玉环市、嵊泗县,0.606063
P0029,S0076,G08,绍兴市、龙游县、三门县、苍南县,0.606063
P0029,S0076,G09,舟山市、天台县、海盐县、宁海县,0.606063
P0029,S0076,G10,台州市、安吉县、缙云县、泰顺县,0.606063
P0029,S0076,G11,丽水市、长兴县、海宁市、永康市,0.606063
P0029,S0076,G12,温岭市、青田县、武义县、常山县,0.606063
P0029,S0076,G13,嵊州市、湖州市、兰溪市、瑞安市,0.606063
P0029,S0076,G14,遂昌县、桐庐县、仙居县、乐清市,0.606063
P0029,S0076,G15,衢州市、文成县、平湖市、新昌县,0.606063
P0029,S0076,G16,余姚市、平阳县、东阳市、嘉兴市,0.606063
P0030,S0024,G01,景宁畲族自治县、平湖市、嵊泗县、临海市,0.605415
P0030,S0024,G02,永康市、诸暨市、玉环市、温州市,0.605415
P0030,S0024,G03,德清县、台州市、新昌县、松阳县,0.605415
P0030,S0024,G04,嘉兴市、东阳市、龙泉市、永嘉县,0.605415
P0030,S0024,G05,瑞安市、天台县、浦江县、余姚市,0.605415
P0030,S0024,G06,绍兴市、开化县、桐庐县、平阳县,0.605415
P0030,S0024,G07,慈溪市、遂昌县、淳安县、苍南县,0.605415
P0030,S0024,G08,衢州市、仙居县、磐安县、长兴县,0.605415
P0030,S0024,G09,云和县、义乌市、三门县、象山县,0.605415
P0030,S0024,G10,桐乡市、嵊州市、龙港市、湖州市,0.605415
P0030,S0024,G11,杭州市、海盐县、庆元县、文成县,0.605415
P0030,S0024,G12,乐清市、建德市、舟山市、嘉善县,0.605415
P0030,S0024,G13,丽水市、宁海县、江山市、海宁市,0.605415
P0030,S0024,G14,兰溪市、青田县、宁波市、常山县,0.605415
P0030,S0024,G15,温岭市、泰顺县、武义县、缙云县,0.605415
P0030,S0024,G16,金华市、龙游县、岱山县、安吉县,0.605415
P0031,S0005,G01,泰顺县、兰溪市、云和县、海宁市,0.604743
P0031,S0005,G02,宁波市、乐清市、仙居县、东阳市,0.604743
P0031,S0005,G03,松阳县、桐乡市、金华市、苍南县,0.604743
P0031,S0005,G04,安吉县、新昌县、温州市、建德市,0.604743
P0031,S0005,G05,湖州市、嵊泗县、青田县、常山县,0.604743
P0031,S0005,G06,天台县、诸暨市、永康市、长兴县,0.604743
P0031,S0005,G07,台州市、瑞安市、平湖市、磐安县,0.604743
P0031,S0005,G08,永嘉县、嵊州市、慈溪市、桐庐县,0.604743
P0031,S0005,G09,庆元县、嘉兴市、临海市、岱山县,0.604743
P0031,S0005,G10,缙云县、嘉善县、衢州市、宁海县,0.604743
P0031,S0005,G11,丽水市、三门县、龙港市、武义县,0.604743
P0031,S0005,G12,舟山市、开化县、遂昌县、余姚市,0.604743
P0031,S0005,G13,景宁畲族自治县、温岭市、象山县、龙游县,0.604743
P0031,S0005,G14,淳安县、龙泉市、平阳县、绍兴市,0.604743
P0031,S0005,G15,德清县、玉环市、义乌市、海盐县,0.604743
P0031,S0005,G16,江山市、文成县、杭州市、浦江县,0.604743
P0032,S0027,G01,安吉县、余姚市、温州市、平湖市,0.603972
P0032,S0027,G02,泰顺县、永康市、岱山县、杭州市,0.603972
P0032,S0027,G03,兰溪市、嵊州市、海宁市、丽水市,0.603972
P0032,S0027,G04,长兴县、缙云县、绍兴市、义乌市,0.603972
P0032,S0027,G05,舟山市、乐清市、诸暨市、桐庐县,0.603972
P0032,S0027,G06,慈溪市、庆元县、临海市、东阳市,0.603972
P0032,S0027,G07,金华市、瑞安市、常山县、玉环市,0.603972
P0032,S0027,G08,武义县、宁海县、天台县、淳安县,0.603972
P0032,S0027,G09,仙居县、开化县、龙泉市、象山县,0.603972
P0032,S0027,G10,台州市、江山市、嘉善县、嵊泗县,0.603972
P0032,S0027,G11,浦江县、海盐县、龙游县、永嘉县,0.603972
P0032,S0027,G12,景宁畲族自治县、湖州市、三门县、新昌县,0.603972
P0032,S0027,G13,平阳县、建德市、青田县、桐乡市,0.603972
P0032,S0027,G14,宁波市、温岭市、苍南县、云和县,0.603972
P0032,S0027,G15,龙港市、衢州市、遂昌县、德清县,0.603972
P0032,S0027,G16,嘉兴市、松阳县、文成县、磐安县,0.603972
P0033,S0080,G01,湖州市、海宁市、桐庐县、苍南县,0.603730
P0033,S0080,G02,缙云县、文成县、磐安县、龙游县,0.603730
P0033,S0080,G03,温州市、建德市、东阳市、嘉善县,0.603730
P0033,S0080,G04,温岭市、义乌市、龙泉市、桐乡市,0.603730
P0033,S0080,G05,嵊州市、淳安县、临海市、金华市,0.603730
P0033,S0080,G06,杭州市、云和县、兰溪市、江山市,0.603730
P0033,S0080,G07,平湖市、泰顺县、宁海县、松阳县,0.603730
P0033,S0080,G08,余姚市、青田县、安吉县、开化县,0.603730
P0033,S0080,G09,德清县、绍兴市、仙居县、浦江县,0.603730
P0033,S0080,G10,象山县、平阳县、岱山县、衢州市,0.603730
P0033,S0080,G11,丽水市、诸暨市、天台县、慈溪市,0.603730
P0033,S0080,G12,瑞安市、嘉兴市、玉环市、新昌县,0.603730
P0033,S0080,G13,嵊泗县、景宁畲族自治县、三门县、永康市,0.603730
P0033,S0080,G14,庆元县、龙港市、海盐县、舟山市,0.603730
P0033,S0080,G15,宁波市、常山县、乐清市、长兴县,0.603730
P0033,S0080,G16,遂昌县、武义县、台州市、永嘉县,0.603730
P0034,S0032,G01,仙居县、新昌县、衢州市、桐庐县,0.602669
P0034,S0032,G02,宁波市、海盐县、庆元县、泰顺县,0.602669
P0034,S0032,G03,玉环市、丽水市、德清县、瑞安市,0.602669
P0034,S0032,G04,诸暨市、江山市、温州市、景宁畲族自治县,0.602669
P0034,S0032,G05,绍兴市、象山县、兰溪市、乐清市,0.602669
P0034,S0032,G06,台州市、东阳市、青田县、常山县,0.602669
P0034,S0032,G07,遂昌县、淳安县、慈溪市、平湖市,0.602669
P0034,S0032,G08,温岭市、缙云县、嘉兴市、苍南县,0.602669
P0034,S0032,G09,龙游县、海宁市、永嘉县、嵊州市,0.602669
P0034,S0032,G10,桐乡市、安吉县、建德市、磐安县,0.602669
P0034,S0032,G11,杭州市、龙港市、松阳县、武义县,0.602669
P0034,S0032,G12,长兴县、天台县、余姚市、浦江县,0.602669
P0034,S0032,G13,舟山市、龙泉市、永康市、嘉善县,0.602669
P0034,S0032,G14,云和县、平阳县、嵊泗县、义乌市,0.602669
P0034,S0032,G15,岱山县、金华市、文成县、临海市,0.602669
P0034,S0032,G16,三门县、宁海县、湖州市、开化县,0.602669
P0035,S0049,G01,余姚市、丽水市、江山市、浦江县,0.600593
P0035,S0049,G02,东阳市、松阳县、瑞安市、桐乡市,0.600593
P0035,S0049,G03,苍南县、德清县、嘉善县、慈溪市,0.600593
P0035,S0049,G04,杭州市、嵊泗县、缙云县、永康市,0.600593
P0035,S0049,G05,新昌县、嘉兴市、建德市、泰顺县,0.600593
P0035,S0049,G06,舟山市、文成县、义乌市、平湖市,0.600593
P0035,S0049,G07,兰溪市、玉环市、湖州市、诸暨市,0.600593
P0035,S0049,G08,龙港市、遂昌县、宁波市、淳安县,0.600593
P0035,S0049,G09,象山县、磐安县、仙居县、平阳县,0.600593
P0035,S0049,G10,三门县、乐清市、青田县、衢州市,0.600593
P0035,S0049,G11,龙泉市、临海市、海宁市、武义县,0.600593
P0035,S0049,G12,绍兴市、云和县、开化县、长兴县,0.600593
P0035,S0049,G13,金华市、桐庐县、景宁畲族自治县、常山县,0.600593
P0035,S0049,G14,庆元县、海盐县、温岭市、龙游县,0.600593
P0035,S0049,G15,台州市、嵊州市、宁海县、永嘉县,0.600593
P0035,S0049,G16,温州市、安吉县、岱山县、天台县,0.600593
P0036,S0082,G01,湖州市、青田县、天台县、平湖市,0.599933
P0036,S0082,G02,嘉兴市、乐清市、云和县、嵊州市,0.599933
P0036,S0082,G03,温州市、桐乡市、龙游县、景宁畲族自治县,0.599933
P0036,S0082,G04,平阳县、金华市、宁海县、三门县,0.599933
P0036,S0082,G05,东阳市、苍南县、慈溪市、温岭市,0.599933
P0036,S0082,G06,安吉县、浦江县、常山县、缙云县,0.599933
P0036,S0082,G07,桐庐县、宁波市、瑞安市、兰溪市,0.599933
P0036,S0082,G08,义乌市、嘉善县、舟山市、余姚市,0.599933
P0036,S0082,G09,江山市、磐安县、杭州市、龙港市,0.599933
P0036,S0082,G10,长兴县、嵊泗县、龙泉市、永嘉县,0.599933
P0036,S0082,G11,遂昌县、诸暨市、海盐县、岱山县,0.599933
P0036,S0082,G12,庆元县、海宁市、台州市、泰顺县,0.599933
P0036,S0082,G13,临海市、武义县、淳安县、绍兴市,0.599933
P0036,S0082,G14,德清县、仙居县、丽水市、象山县,0.599933
P0036,S0082,G15,松阳县、文成县、开化县、建德市,0.599933
P0036,S0082,G16,新昌县、永康市、玉环市、衢州市,0.599933
P0037,S0038,G01,开化县、青田县、仙居县、诸暨市,0.599923
P0037,S0038,G02,宁波市、临海市、平湖市、遂昌县,0.599923
P0037,S0038,G03,新昌县、义乌市、海盐县、平阳县,0.599923
P0037,S0038,G04,嵊州市、文成县、杭州市、兰溪市,0.599923
P0037,S0038,G05,嘉兴市、德清县、云和县、苍南县,0.599923
P0037,S0038,G06,丽水市、磐安县、江山市、安吉县,0.599923
P0037,S0038,G07,金华市、景宁畲族自治县、玉环市、龙游县,0.599923
P0037,S0038,G08,舟山市、泰顺县、龙泉市、东阳市,0.599923
P0037,S0038,G09,温州市、岱山县、天台县、宁海县,0.599923
P0037,S0038,G10,台州市、浦江县、象山县、淳安县,0.599923
P0037,S0038,G11,桐乡市、瑞安市、长兴县、嵊泗县,0.599923
P0037,S0038,G12,建德市、乐清市、庆元县、慈溪市,0.599923
P0037,S0038,G13,海宁市、武义县、余姚市、温岭市,0.599923
P0037,S0038,G14,湖州市、缙云县、桐庐县、常山县,0.599923
P0037,S0038,G15,松阳县、永嘉县、嘉善县、衢州市,0.599923
P0037,S0038,G16,绍兴市、龙港市、三门县、永康市,0.599923
P0038,S0081,G01,云和县、平阳县、海宁市、常山县,0.596729
P0038,S0081,G02,衢州市、泰顺县、宁海县、临海市,0.596729
P0038,S0081,G03,湖州市、桐庐县、永康市、慈溪市,0.596729
P0038,S0081,G04,嘉兴市、青田县、建德市、长兴县,0.596729
P0038,S0081,G05,余姚市、乐清市、淳安县、新昌县,0.596729
P0038,S0081,G06,开化县、龙港市、丽水市、浦江县,0.596729
P0038,S0081,G07,义乌市、三门县、桐乡市、景宁畲族自治县,0.596729
P0038,S0081,G08,舟山市、庆元县、永嘉县、江山市,0.596729
P0038,S0081,G09,金华市、嵊州市、平湖市、龙游县,0.596729
P0038,S0081,G10,玉环市、龙泉市、温州市、海盐县,0.596729
P0038,S0081,G11,兰溪市、松阳县、台州市、德清县,0.596729
P0038,S0081,G12,嵊泗县、绍兴市、象山县、武义县,0.596729
P0038,S0081,G13,安吉县、嘉善县、岱山县、诸暨市,0.596729
P0038,S0081,G14,东阳市、仙居县、缙云县、瑞安市,0.596729
P0038,S0081,G15,遂昌县、文成县、天台县、宁波市,0.596729
P0038,S0081,G16,苍南县、磐安县、温岭市、杭州市,0.596729
P0039,S0098,G01,松阳县、海盐县、平阳县、慈溪市,0.596179
P0039,S0098,G02,青田县、诸暨市、金华市、建德市,0.596179
P0039,S0098,G03,苍南县、玉环市、德清县、嘉兴市,0.596179
P0039,S0098,G04,平湖市、温岭市、宁海县、义乌市,0.596179
P0039,S0098,G05,新昌县、庆元县、武义县、文成县,0.596179
P0039,S0098,G06,绍兴市、淳安县、安吉县、东阳市,0.596179
P0039,S0098,G07,泰顺县、缙云县、衢州市、兰溪市,0.596179
P0039,S0098,G08,嘉善县、龙港市、岱山县、杭州市,0.596179
P0039,S0098,G09,舟山市、磐安县、桐乡市、象山县,0.596179
P0039,S0098,G10,台州市、长兴县、开化县、海宁市,0.596179
P0039,S0098,G11,丽水市、浦江县、常山县、桐庐县,0.596179
P0039,S0098,G12,遂昌县、余姚市、江山市、温州市,0.596179
P0039,S0098,G13,天台县、永嘉县、嵊泗县、龙游县,0.596179
P0039,S0098,G14,三门县、瑞安市、景宁畲族自治县、宁波市,0.596179
P0039,S0098,G15,云和县、乐清市、嵊州市、临海市,0.596179
P0039,S0098,G16,龙泉市、仙居县、湖州市、永康市,0.596179
P0040,S0156,G01,苍南县、嘉善县、景宁畲族自治县、杭州市,0.595938
P0040,S0156,G02,泰顺县、台州市、江山市、缙云县,0.595938
P0040,S0156,G03,绍兴市、遂昌县、乐清市、东阳市,0.595938
P0040,S0156,G04,天台县、诸暨市、宁海县、桐庐县,0.595938
P0040,S0156,G05,龙游县、永康市、新昌县、安吉县,0.595938
P0040,S0156,G06,温州市、三门县、平湖市、常山县,0.595938
P0040,S0156,G07,玉环市、龙泉市、永嘉县、桐乡市,0.595938
P0040,S0156,G08,岱山县、宁波市、德清县、青田县,0.595938
P0040,S0156,G09,兰溪市、开化县、长兴县、慈溪市,0.595938
P0040,S0156,G10,金华市、嵊州市、庆元县、海盐县,0.595938
P0040,S0156,G11,嵊泗县、平阳县、嘉兴市、象山县,0.595938
P0040,S0156,G12,松阳县、龙港市、武义县、衢州市,0.595938
P0040,S0156,G13,义乌市、温岭市、建德市、舟山市,0.595938
P0040,S0156,G14,云和县、磐安县、文成县、淳安县,0.595938
P0040,S0156,G15,湖州市、海宁市、临海市、浦江县,0.595938
P0040,S0156,G16,仙居县、余姚市、丽水市、瑞安市,0.595938
P0041,S0136,G01,台州市、海盐县、缙云县、江山市,0.595736
P0041,S0136,G02,宁波市、兰溪市、龙泉市、龙港市,0.595736
P0041,S0136,G03,衢州市、东阳市、松阳县、安吉县,0.595736
P0041,S0136,G04,金华市、龙游县、嵊州市、庆元县,0.595736
P0041,S0136,G05,开化县、浦江县、岱山县、苍南县,0.595736
P0041,S0136,G06,诸暨市、湖州市、海宁市、瑞安市,0.595736
P0041,S0136,G07,三门县、余姚市、嵊泗县、泰顺县,0.595736
P0041,S0136,G08,温州市、青田县、桐庐县、新昌县,0.595736
P0041,S0136,G09,慈溪市、平湖市、长兴县、常山县,0.595736
P0041,S0136,G10,绍兴市、文成县、宁海县、建德市,0.595736
P0041,S0136,G11,义乌市、嘉善县、丽水市、永嘉县,0.595736
P0041,S0136,G12,永康市、乐清市、德清县、仙居县,0.595736
P0041,S0136,G13,桐乡市、平阳县、玉环市、象山县,0.595736
P0041,S0136,G14,临海市、遂昌县、嘉兴市、淳安县,0.595736
P0041,S0136,G15,云和县、杭州市、武义县、温岭市,0.595736
P0041,S0136,G16,舟山市、天台县、景宁畲族自治县、磐安县,0.595736
P0042,S0067,G01,磐安县、嵊泗县、江山市、桐乡市,0.594545
P0042,S0067,G02,绍兴市、嘉善县、浦江县、云和县,0.594545
P0042,S0067,G03,温州市、青田县、新昌县、临海市,0.594545
P0042,S0067,G04,长兴县、宁波市、庆元县、龙港市,0.594545
P0042,S0067,G05,湖州市、义乌市、缙云县、海宁市,0.594545
P0042,S0067,G06,杭州市、景宁畲族自治县、海盐县、诸暨市,0.594545
P0042,S0067,G07,丽水市、龙游县、平湖市、温岭市,0.594545
P0042,S0067,G08,舟山市、东阳市、安吉县、仙居县,0.594545
P0042,S0067,G09,龙泉市、开化县、台州市、乐清市,0.594545
P0042,S0067,G10,象山县、天台县、建德市、文成县,0.594545
P0042,S0067,G11,永康市、瑞安市、宁海县、桐庐县,0.594545
P0042,S0067,G12,嵊州市、淳安县、三门县、嘉兴市,0.594545
P0042,S0067,G13,苍南县、兰溪市、遂昌县、德清县,0.594545
P0042,S0067,G14,武义县、松阳县、衢州市、永嘉县,0.594545
P0042,S0067,G15,平阳县、金华市、常山县、余姚市,0.594545
P0042,S0067,G16,泰顺县、玉环市、慈溪市、岱山县,0.594545
P0043,S0152,G01,杭州市、宁海县、海盐县、泰顺县,0.594124
P0043,S0152,G02,嵊泗县、磐安县、龙港市、缙云县,0.594124
P0043,S0152,G03,云和县、宁波市、龙游县、嵊州市,0.594124
P0043,S0152,G04,诸暨市、乐清市、慈溪市、玉环市,0.594124
P0043,S0152,G05,湖州市、天台县、永康市、桐庐县,0.594124
P0043,S0152,G06,金华市、平湖市、淳安县、德清县,0.594124
P0043,S0152,G07,丽水市、新昌县、苍南县、开化县,0.594124
P0043,S0152,G08,嘉善县、岱山县、兰溪市、衢州市,0.594124
P0043,S0152,G09,嘉兴市、长兴县、景宁畲族自治县、温岭市,0.594124
P0043,S0152,G10,台州市、安吉县、平阳县、海宁市,0.594124
P0043,S0152,G11,舟山市、象山县、仙居县、龙泉市,0.594124
P0043,S0152,G12,江山市、浦江县、温州市、余姚市,0.594124
P0043,S0152,G13,永嘉县、绍兴市、义乌市、青田县,0.594124
P0043,S0152,G14,文成县、松阳县、东阳市、常山县,0.594124
P0043,S0152,G15,武义县、庆元县、三门县、瑞安市,0.594124
P0043,S0152,G16,临海市、建德市、桐乡市、遂昌县,0.594124
P0044,S0122,G01,绍兴市、淳安县、海盐县、安吉县,0.594053
P0044,S0122,G02,湖州市、磐安县、天台县、松阳县,0.594053
P0044,S0122,G03,温州市、景宁畲族自治县、诸暨市、义乌市,0.594053
P0044,S0122,G04,龙港市、兰溪市、丽水市、临海市,0.594053
P0044,S0122,G05,温岭市、遂昌县、瑞安市、舟山市,0.594053
P0044,S0122,G06,嘉兴市、庆元县、龙游县、建德市,0.594053
P0044,S0122,G07,玉环市、青田县、东阳市、江山市,0.594053
P0044,S0122,G08,衢州市、永康市、象山县、苍南县,0.594053
P0044,S0122,G09,桐庐县、文成县、三门县、龙泉市,0.594053
P0044,S0122,G10,台州市、武义县、嘉善县、常山县,0.594053
P0044,S0122,G11,嵊州市、桐乡市、平阳县、仙居县,0.594053
P0044,S0122,G12,浦江县、乐清市、余姚市、缙云县,0.594053
P0044,S0122,G13,慈溪市、海宁市、岱山县、开化县,0.594053
P0044,S0122,G14,宁波市、永嘉县、新昌县、德清县,0.594053
P0044,S0122,G15,长兴县、平湖市、嵊泗县、金华市,0.594053
P0044,S0122,G16,云和县、杭州市、泰顺县、宁海县,0.594053
P0045,S0019,G01,乐清市、慈溪市、兰溪市、诸暨市,0.593756
P0045,S0019,G02,杭州市、江山市、仙居县、云和县,0.593756
P0045,S0019,G03,安吉县、常山县、海宁市、嵊泗县,0.593756
P0045,S0019,G04,新昌县、长兴县、建德市、文成县,0.593756
P0045,S0019,G05,永康市、临海市、平湖市、余姚市,0.593756
P0045,S0019,G06,台州市、德清县、义乌市、瑞安市,0.593756
P0045,S0019,G07,岱山县、缙云县、嘉兴市、开化县,0.593756
P0045,S0019,G08,温州市、庆元县、嵊州市、海盐县,0.593756
P0045,S0019,G09,东阳市、宁波市、青田县、苍南县,0.593756
P0045,S0019,G10,湖州市、龙泉市、桐乡市、龙港市,0.593756
P0045,S0019,G11,丽水市、天台县、武义县、嘉善县,0.593756
P0045,S0019,G12,松阳县、象山县、温岭市、金华市,0.593756
P0045,S0019,G13,宁海县、景宁畲族自治县、永嘉县、淳安县,0.593756
P0045,S0019,G14,桐庐县、磐安县、遂昌县、舟山市,0.593756
P0045,S0019,G15,三门县、泰顺县、绍兴市、龙游县,0.593756
P0045,S0019,G16,平阳县、衢州市、玉环市、浦江县,0.593756
P0046,S0048,G01,杭州市、宁海县、云和县、东阳市,0.593563
P0046,S0048,G02,温岭市、龙港市、永康市、嘉兴市,0.593563
P0046,S0048,G03,桐乡市、淳安县、德清县、嵊泗县,0.593563
P0046,S0048,G04,磐安县、诸暨市、宁波市、仙居县,0.593563
P0046,S0048,G05,临海市、常山县、青田县、浦江县,0.593563
P0046,S0048,G06,绍兴市、瑞安市、海盐县、长兴县,0.593563
P0046,S0048,G07,台州市、龙泉市、武义县、安吉县,0.593563
P0046,S0048,G08,开化县、永嘉县、嘉善县、三门县,0.593563
P0046,S0048,G09,湖州市、兰溪市、龙游县、建德市,0.593563
P0046,S0048,G10,金华市、苍南县、玉环市、象山县,0.593563
P0046,S0048,G11,丽水市、平阳县、义乌市、平湖市,0.593563
P0046,S0048,G12,泰顺县、衢州市、松阳县、慈溪市,0.593563
P0046,S0048,G13,江山市、缙云县、嵊州市、温州市,0.593563
P0046,S0048,G14,庆元县、余姚市、桐庐县、海宁市,0.593563
P0046,S0048,G15,新昌县、文成县、舟山市、遂昌县,0.593563
P0046,S0048,G16,乐清市、景宁畲族自治县、天台县、岱山县,0.593563
P0047,S0042,G01,建德市、龙泉市、舟山市、嘉善县,0.593427
P0047,S0042,G02,宁波市、桐庐县、武义县、青田县,0.593427
P0047,S0042,G03,杭州市、常山县、东阳市、平湖市,0.593427
P0047,S0042,G04,嘉兴市、文成县、象山县、龙游县,0.593427
P0047,S0042,G05,永康市、岱山县、庆元县、慈溪市,0.593427
P0047,S0042,G06,绍兴市、义乌市、江山市、龙港市,0.593427
P0047,S0042,G07,景宁畲族自治县、德清县、桐乡市、仙居县,0.593427
P0047,S0042,G08,浦江县、遂昌县、天台县、余姚市,0.593427
P0047,S0042,G09,宁海县、三门县、长兴县、嵊泗县,0.593427
P0047,S0042,G10,湖州市、永嘉县、嵊州市、海盐县,0.593427
P0047,S0042,G11,丽水市、海宁市、瑞安市、淳安县,0.593427
P0047,S0042,G12,松阳县、临海市、诸暨市、泰顺县,0.593427
P0047,S0042,G13,台州市、安吉县、苍南县、新昌县,0.593427
P0047,S0042,G14,兰溪市、乐清市、玉环市、衢州市,0.593427
P0047,S0042,G15,云和县、磐安县、温岭市、温州市,0.593427
P0047,S0042,G16,缙云县、开化县、金华市、平阳县,0.593427
P0048,S0037,G01,庆元县、临海市、嵊泗县、平阳县,0.590395
P0048,S0037,G02,宁波市、建德市、泰顺县、玉环市,0.590395
P0048,S0037,G03,淳安县、永嘉县、新昌县、天台县,0.590395
P0048,S0037,G04,衢州市、遂昌县、瑞安市、三门县,0.590395
P0048,S0037,G05,杭州市、永康市、云和县、余姚市,0.590395
P0048,S0037,G06,舟山市、龙港市、浦江县、海盐县,0.590395
P0048,S0037,G07,金华市、嘉善县、景宁畲族自治县、仙居县,0.590395
P0048,S0037,G08,海宁市、诸暨市、开化县、东阳市,0.590395
P0048,S0037,G09,温岭市、长兴县、嘉兴市、青田县,0.590395
P0048,S0037,G10,台州市、武义县、龙游县、松阳县,0.590395
P0048,S0037,G11,岱山县、缙云县、常山县、湖州市,0.590395
P0048,S0037,G12,义乌市、慈溪市、嵊州市、文成县,0.590395
P0048,S0037,G13,绍兴市、德清县、桐庐县、江山市,0.590395
P0048,S0037,G14,象山县、平湖市、乐清市、龙泉市,0.590395
P0048,S0037,G15,兰溪市、温州市、桐乡市、安吉县,0.590395
P0048,S0037,G16,丽水市、磐安县、苍南县、宁海县,0.590395
P0049,S0013,G01,安吉县、嘉兴市、遂昌县、仙居县,0.590137
P0049,S0013,G02,东阳市、瑞安市、宁波市、海盐县,0.590137
P0049,S0013,G03,青田县、玉环市、诸暨市、龙游县,0.590137
P0049,S0013,G04,江山市、永康市、杭州市、平阳县,0.590137
P0049,S0013,G05,舟山市、温岭市、海宁市、龙泉市,0.590137
P0049,S0013,G06,三门县、余姚市、文成县、绍兴市,0.590137
P0049,S0013,G07,嘉善县、云和县、温州市、淳安县,0.590137
P0049,S0013,G08,衢州市、缙云县、苍南县、天台县,0.590137
P0049,S0013,G09,象山县、常山县、嵊州市、乐清市,0.590137
P0049,S0013,G10,慈溪市、永嘉县、兰溪市、嵊泗县,0.590137
P0049,S0013,G11,义乌市、长兴县、临海市、丽水市,0.590137
P0049,S0013,G12,湖州市、建德市、庆元县、武义县,0.590137
P0049,S0013,G13,平湖市、岱山县、磐安县、台州市,0.590137
P0049,S0013,G14,桐庐县、开化县、宁海县、金华市,0.590137
P0049,S0013,G15,浦江县、新昌县、泰顺县、松阳县,0.590137
P0049,S0013,G16,龙港市、德清县、桐乡市、景宁畲族自治县,0.590137
P0050,S0087,G01,缙云县、开化县、仙居县、杭州市,0.589787
P0050,S0087,G02,诸暨市、松阳县、衢州市、义乌市,0.589787
P0050,S0087,G03,温州市、安吉县、天台县、江山市,0.589787
P0050,S0087,G04,嘉兴市、淳安县、岱山县、武义县,0.589787
P0050,S0087,G05,湖州市、象山县、建德市、瑞安市,0.589787
P0050,S0087,G06,舟山市、永康市、泰顺县、青田县,0.589787
P0050,S0087,G07,金华市、海盐县、文成县、遂昌县,0.589787
P0050,S0087,G08,温岭市、景宁畲族自治县、嘉善县、桐庐县,0.589787
P0050,S0087,G09,浦江县、龙游县、龙港市、绍兴市,0.589787
P0050,S0087,G10,宁波市、苍南县、三门县、磐安县,0.589787
P0050,S0087,G11,丽水市、海宁市、余姚市、嵊州市,0.589787
P0050,S0087,G12,东阳市、乐清市、云和县、台州市,0.589787
P0050,S0087,G13,新昌县、永嘉县、临海市、长兴县,0.589787
P0050,S0087,G14,庆元县、桐乡市、玉环市、慈溪市,0.589787
P0050,S0087,G15,兰溪市、龙泉市、常山县、平湖市,0.589787
P0050,S0087,G16,嵊泗县、平阳县、德清县、宁海县,0.589787
P0051,S0128,G01,杭州市、松阳县、天台县、江山市,0.589174
P0051,S0128,G02,宁波市、德清县、海宁市、龙港市,0.589174
P0051,S0128,G03,温州市、青田县、龙游县、临海市,0.589174
P0051,S0128,G04,嘉兴市、开化县、安吉县、温岭市,0.589174
P0051,S0128,G05,衢州市、云和县、平湖市、永嘉县,0.589174
P0051,S0128,G06,兰溪市、瑞安市、景宁畲族自治县、淳安县,0.589174
P0051,S0128,G07,象山县、新昌县、湖州市、桐乡市,0.589174
P0051,S0128,G08,龙泉市、建德市、苍南县、常山县,0.589174
P0051,S0128,G09,缙云县、浦江县、诸暨市、平阳县,0.589174
P0051,S0128,G10,台州市、岱山县、遂昌县、宁海县,0.589174
P0051,S0128,G11,丽水市、海盐县、余姚市、永康市,0.589174
P0051,S0128,G12,泰顺县、绍兴市、东阳市、长兴县,0.589174
P0051,S0128,G13,磐安县、嘉善县、仙居县、嵊州市,0.589174
P0051,S0128,G14,文成县、舟山市、玉环市、武义县,0.589174
P0051,S0128,G15,义乌市、三门县、嵊泗县、桐庐县,0.589174
P0051,S0128,G16,慈溪市、庆元县、金华市、乐清市,0.589174
P0052,S0040,G01,宁波市、桐庐县、永康市、文成县,0.589066
P0052,S0040,G02,杭州市、浦江县、天台县、龙游县,0.589066
P0052,S0040,G03,温州市、兰溪市、景宁畲族自治县、江山市,0.589066
P0052,S0040,G04,安吉县、新昌县、龙泉市、衢州市,0.589066
P0052,S0040,G05,湖州市、建德市、三门县、缙云县,0.589066
P0052,S0040,G06,磐安县、宁海县、苍南县、温岭市,0.589066
P0052,S0040,G07,青田县、桐乡市、金华市、象山县,0.589066
P0052,S0040,G08,东阳市、龙港市、庆元县、慈溪市,0.589066
P0052,S0040,G09,丽水市、泰顺县、余姚市、开化县,0.589066
P0052,S0040,G10,诸暨市、乐清市、义乌市、德清县,0.589066
P0052,S0040,G11,瑞安市、常山县、嘉兴市、长兴县,0.589066
P0052,S0040,G12,云和县、海盐县、武义县、台州市,0.589066
P0052,S0040,G13,玉环市、永嘉县、嘉善县、舟山市,0.589066
P0052,S0040,G14,岱山县、平阳县、平湖市、遂昌县,0.589066
P0052,S0040,G15,松阳县、嵊州市、海宁市、仙居县,0.589066
P0052,S0040,G16,淳安县、嵊泗县、临海市、绍兴市,0.589066
P0053,S0105,G01,杭州市、龙游县、三门县、龙港市,0.587518
P0053,S0105,G02,宁海县、永嘉县、金华市、玉环市,0.587518
P0053,S0105,G03,台州市、兰溪市、乐清市、安吉县,0.587518
P0053,S0105,G04,嘉兴市、江山市、磐安县、泰顺县,0.587518
P0053,S0105,G05,嘉善县、衢州市、松阳县、义乌市,0.587518
P0053,S0105,G06,景宁畲族自治县、慈溪市、嵊泗县、常山县,0.587518
P0053,S0105,G07,缙云县、海宁市、温岭市、东阳市,0.587518
P0053,S0105,G08,苍南县、开化县、云和县、桐庐县,0.587518
P0053,S0105,G09,舟山市、建德市、天台县、平阳县,0.587518
P0053,S0105,G10,武义县、新昌县、温州市、青田县,0.587518
P0053,S0105,G11,丽水市、文成县、临海市、浦江县,0.587518
P0053,S0105,G12,绍兴市、遂昌县、余姚市、岱山县,0.587518
P0053,S0105,G13,象山县、永康市、湖州市、嵊州市,0.587518
P0053,S0105,G14,桐乡市、仙居县、诸暨市、瑞安市,0.587518
P0053,S0105,G15,长兴县、海盐县、宁波市、龙泉市,0.587518
P0053,S0105,G16,淳安县、平湖市、德清县、庆元县,0.587518
P0054,S0010,G01,慈溪市、温州市、江山市、磐安县,0.586979
P0054,S0010,G02,新昌县、海宁市、龙泉市、开化县,0.586979
P0054,S0010,G03,丽水市、温岭市、桐庐县、永嘉县,0.586979
P0054,S0010,G04,嘉兴市、龙港市、淳安县、象山县,0.586979
P0054,S0010,G05,湖州市、瑞安市、建德市、嵊州市,0.586979
P0054,S0010,G06,绍兴市、天台县、永康市、庆元县,0.586979
P0054,S0010,G07,玉环市、松阳县、海盐县、安吉县,0.586979
P0054,S0010,G08,平阳县、常山县、兰溪市、余姚市,0.586979
P0054,S0010,G09,青田县、苍南县、嘉善县、金华市,0.586979
P0054,S0010,G10,台州市、德清县、景宁畲族自治县、义乌市,0.586979
P0054,S0010,G11,武义县、泰顺县、遂昌县、宁波市,0.586979
P0054,S0010,G12,宁海县、诸暨市、衢州市、嵊泗县,0.586979
P0054,S0010,G13,杭州市、文成县、长兴县、缙云县,0.586979
P0054,S0010,G14,云和县、桐乡市、舟山市、临海市,0.586979
P0054,S0010,G15,岱山县、三门县、浦江县、平湖市,0.586979
P0054,S0010,G16,东阳市、乐清市、龙游县、仙居县,0.586979
P0055,S0014,G01,海盐县、新昌县、瑞安市、湖州市,0.585794
P0055,S0014,G02,宁波市、永康市、江山市、青田县,0.585794
P0055,S0014,G03,温州市、开化县、武义县、遂昌县,0.585794
P0055,S0014,G04,玉环市、德清县、磐安县、龙港市,0.585794
P0055,S0014,G05,慈溪市、桐庐县、云和县、嵊泗县,0.585794
P0055,S0014,G06,绍兴市、仙居县、海宁市、景宁畲族自治县,0.585794
P0055,S0014,G07,长兴县、宁海县、金华市、庆元县,0.585794
P0055,S0014,G08,舟山市、松阳县、义乌市、建德市,0.585794
P0055,S0014,G09,衢州市、兰溪市、嵊州市、温岭市,0.585794
P0055,S0014,G10,杭州市、常山县、象山县、岱山县,0.585794
P0055,S0014,G11,丽水市、泰顺县、嘉善县、天台县,0.585794
P0055,S0014,G12,永嘉县、龙泉市、桐乡市、东阳市,0.585794
P0055,S0014,G13,台州市、安吉县、平阳县、诸暨市,0.585794
P0055,S0014,G14,文成县、浦江县、嘉兴市、三门县,0.585794
P0055,S0014,G15,乐清市、缙云县、淳安县、平湖市,0.585794
P0055,S0014,G16,苍南县、余姚市、临海市、龙游县,0.585794
P0056,S0083,G01,泰顺县、庆元县、桐乡市、杭州市,0.585147
P0056,S0083,G02,磐安县、嵊州市、温岭市、宁海县,0.585147
P0056,S0083,G03,海盐县、武义县、衢州市、玉环市,0.585147
P0056,S0083,G04,三门县、兰溪市、新昌县、嘉兴市,0.585147
P0056,S0083,G05,淳安县、德清县、龙泉市、海宁市,0.585147
P0056,S0083,G06,绍兴市、缙云县、建德市、仙居县,0.585147
P0056,S0083,G07,龙游县、嘉善县、瑞安市、金华市,0.585147
P0056,S0083,G08,舟山市、云和县、永嘉县、永康市,0.585147
P0056,S0083,G09,温州市、义乌市、松阳县、长兴县,0.585147
P0056,S0083,G10,苍南县、浦江县、慈溪市、青田县,0.585147
P0056,S0083,G11,宁波市、景宁畲族自治县、桐庐县、嵊泗县,0.585147
P0056,S0083,G12,遂昌县、龙港市、台州市、常山县,0.585147
P0056,S0083,G13,象山县、天台县、东阳市、乐清市,0.585147
P0056,S0083,G14,湖州市、诸暨市、岱山县、平湖市,0.585147
P0056,S0083,G15,平阳县、安吉县、江山市、余姚市,0.585147
P0056,S0083,G16,文成县、丽水市、临海市、开化县,0.585147
P0057,S0093,G01,海盐县、仙居县、兰溪市、丽水市,0.584650
P0057,S0093,G02,德清县、淳安县、缙云县、泰顺县,0.584650
P0057,S0093,G03,温州市、常山县、景宁畲族自治县、浦江县,0.584650
P0057,S0093,G04,杭州市、文成县、磐安县、遂昌县,0.584650
P0057,S0093,G05,湖州市、嵊州市、苍南县、永康市,0.584650
P0057,S0093,G06,新昌县、宁海县、江山市、东阳市,0.584650
P0057,S0093,G07,金华市、三门县、桐乡市、瑞安市,0.584650
P0057,S0093,G08,玉环市、龙泉市、宁波市、龙港市,0.584650
P0057,S0093,G09,舟山市、云和县、桐庐县、温岭市,0.584650
P0057,S0093,G10,台州市、嘉善县、武义县、庆元县,0.584650
P0057,S0093,G11,乐清市、绍兴市、岱山县、平湖市,0.584650
P0057,S0093,G12,松阳县、平阳县、嘉兴市、象山县,0.584650
P0057,S0093,G13,龙游县、安吉县、临海市、义乌市,0.584650
P0057,S0093,G14,海宁市、诸暨市、天台县、开化县,0.584650
P0057,S0093,G15,青田县、永嘉县、衢州市、余姚市,0.584650
P0057,S0093,G16,建德市、嵊泗县、长兴县、慈溪市,0.584650
P0058,S0031,G01,嵊泗县、慈溪市、嘉兴市、苍南县,0.584493
P0058,S0031,G02,衢州市、永嘉县、淳安县、桐乡市,0.584493
P0058,S0031,G03,温州市、龙泉市、平湖市、诸暨市,0.584493
P0058,S0031,G04,松阳县、宁海县、江山市、瑞安市,0.584493
P0058,S0031,G05,湖州市、武义县、仙居县、云和县,0.584493
P0058,S0031,G06,磐安县、建德市、天台县、平阳县,0.584493
P0058,S0031,G07,金华市、文成县、缙云县、安吉县,0.584493
P0058,S0031,G08,宁波市、长兴县、龙游县、三门县,0.584493
P0058,S0031,G09,青田县、杭州市、泰顺县、临海市,0.584493
P0058,S0031,G10,台州市、桐庐县、东阳市、乐清市,0.584493
P0058,S0031,G11,丽水市、海宁市、永康市、常山县,0.584493
P0058,S0031,G12,绍兴市、景宁畲族自治县、温岭市、龙港市,0.584493
P0058,S0031,G13,舟山市、海盐县、新昌县、德清县,0.584493
P0058,S0031,G14,庆元县、嵊州市、义乌市、嘉善县,0.584493
P0058,S0031,G15,开化县、玉环市、浦江县、象山县,0.584493
P0058,S0031,G16,遂昌县、兰溪市、余姚市、岱山县,0.584493
P0059,S0090,G01,文成县、磐安县、临海市、宁海县,0.584331
P0059,S0090,G02,台州市、永康市、余姚市、龙游县,0.584331
P0059,S0090,G03,温州市、青田县、常山县、嘉善县,0.584331
P0059,S0090,G04,嘉兴市、永嘉县、浦江县、象山县,0.584331
P0059,S0090,G05,湖州市、乐清市、义乌市、岱山县,0.584331
P0059,S0090,G06,慈溪市、平阳县、缙云县、绍兴市,0.584331
P0059,S0090,G07,金华市、新昌县、仙居县、海宁市,0.584331
P0059,S0090,G08,衢州市、瑞安市、长兴县、松阳县,0.584331
P0059,S0090,G09,海盐县、宁波市、泰顺县、嵊州市,0.584331
P0059,S0090,G10,天台县、嵊泗县、安吉县、诸暨市,0.584331
P0059,S0090,G11,玉环市、淳安县、龙泉市、舟山市,0.584331
P0059,S0090,G12,景宁畲族自治县、桐庐县、苍南县、三门县,0.584331
P0059,S0090,G13,兰溪市、开化县、遂昌县、杭州市,0.584331
P0059,S0090,G14,建德市、丽水市、龙港市、东阳市,0.584331
P0059,S0090,G15,江山市、德清县、平湖市、云和县,0.584331
P0059,S0090,G16,庆元县、武义县、温岭市、桐乡市,0.584331
P0060,S0211,G01,天台县、苍南县、金华市、江山市,0.584325
P0060,S0211,G02,磐安县、台州市、龙泉市、瑞安市,0.584325
P0060,S0211,G03,仙居县、松阳县、绍兴市、龙游县,0.584325
P0060,S0211,G04,德清县、诸暨市、慈溪市、桐乡市,0.584325
P0060,S0211,G05,建德市、嘉善县、临海市、湖州市,0.584325
P0060,S0211,G06,义乌市、景宁畲族自治县、舟山市、宁海县,0.584325
P0060,S0211,G07,永康市、海宁市、岱山县、余姚市,0.584325
P0060,S0211,G08,杭州市、缙云县、浦江县、永嘉县,0.584325
P0060,S0211,G09,嵊泗县、平湖市、文成县、庆元县,0.584325
P0060,S0211,G10,嵊州市、常山县、桐庐县、东阳市,0.584325
P0060,S0211,G11,丽水市、安吉县、乐清市、海盐县,0.584325
P0060,S0211,G12,兰溪市、泰顺县、淳安县、嘉兴市,0.584325
P0060,S0211,G13,青田县、温州市、开化县、玉环市,0.584325
P0060,S0211,G14,温岭市、象山县、长兴县、遂昌县,0.584325
P0060,S0211,G15,龙港市、衢州市、新昌县、三门县,0.584325
P0060,S0211,G16,云和县、平阳县、武义县、宁波市,0.584325
P0061,S0015,G01,浦江县、天台县、丽水市、桐乡市,0.584169
P0061,S0015,G02,宁波市、永康市、嵊州市、建德市,0.584169
P0061,S0015,G03,瑞安市、庆元县、德清县、兰溪市,0.584169
P0061,S0015,G04,嘉兴市、苍南县、温岭市、桐庐县,0.584169
P0061,S0015,G05,平湖市、龙游县、三门县、磐安县,0.584169
P0061,S0015,G06,绍兴市、长兴县、龙港市、海盐县,0.584169
P0061,S0015,G07,台州市、永嘉县、安吉县、青田县,0.584169
P0061,S0015,G08,缙云县、湖州市、宁海县、淳安县,0.584169
P0061,S0015,G09,舟山市、义乌市、常山县、文成县,0.584169
P0061,S0015,G10,东阳市、云和县、乐清市、象山县,0.584169
P0061,S0015,G11,海宁市、诸暨市、玉环市、松阳县,0.584169
P0061,S0015,G12,余姚市、嘉善县、开化县、平阳县,0.584169
P0061,S0015,G13,武义县、衢州市、临海市、景宁畲族自治县,0.584169
P0061,S0015,G14,泰顺县、龙泉市、杭州市、岱山县,0.584169
P0061,S0015,G15,慈溪市、江山市、金华市、嵊泗县,0.584169
P0061,S0015,G16,温州市、遂昌县、仙居县、新昌县,0.584169
P0062,S0029,G01,舟山市、新昌县、遂昌县、余姚市,0.584136
P0062,S0029,G02,宁波市、青田县、义乌市、淳安县,0.584136
P0062,S0029,G03,温州市、龙游县、云和县、磐安县,0.584136
P0062,S0029,G04,平湖市、泰顺县、慈溪市、兰溪市,0.584136
P0062,S0029,G05,桐乡市、湖州市、嵊州市、天台县,0.584136
P0062,S0029,G06,嵊泗县、乐清市、海盐县、龙泉市,0.584136
P0062,S0029,G07,绍兴市、浦江县、温岭市、开化县,0.584136
P0062,S0029,G08,衢州市、松阳县、安吉县、宁海县,0.584136
P0062,S0029,G09,长兴县、武义县、丽水市、江山市,0.584136
P0062,S0029,G10,台州市、景宁畲族自治县、永康市、嘉善县,0.584136
P0062,S0029,G11,象山县、缙云县、苍南县、岱山县,0.584136
P0062,S0029,G12,诸暨市、三门县、瑞安市、建德市,0.584136
P0062,S0029,G13,龙港市、金华市、桐庐县、仙居县,0.584136
P0062,S0029,G14,平阳县、嘉兴市、临海市、常山县,0.584136
P0062,S0029,G15,德清县、永嘉县、海宁市、庆元县,0.584136
P0062,S0029,G16,杭州市、文成县、玉环市、东阳市,0.584136
P0063,S0046,G01,宁海县、永康市、衢州市、松阳县,0.583019
P0063,S0046,G02,淳安县、德清县、嘉兴市、云和县,0.583019
P0063,S0046,G03,温州市、建德市、临海市、安吉县,0.583019
P0063,S0046,G04,常山县、兰溪市、温岭市、湖州市,0.583019
P0063,S0046,G05,龙港市、岱山县、玉环市、嘉善县,0.583019
P0063,S0046,G06,嵊泗县、磐安县、仙居县、庆元县,0.583019
P0063,S0046,G07,遂昌县、桐乡市、象山县、泰顺县,0.583019
P0063,S0046,G08,永嘉县、绍兴市、平湖市、三门县,0.583019
P0063,S0046,G09,景宁畲族自治县、义乌市、瑞安市、嵊州市,0.583019
P0063,S0046,G10,台州市、缙云县、桐庐县、诸暨市,0.583019
P0063,S0046,G11,丽水市、苍南县、东阳市、慈溪市,0.583019
P0063,S0046,G12,平阳县、余姚市、舟山市、武义县,0.583019
P0063,S0046,G13,文成县、海宁市、杭州市、江山市,0.583019
P0063,S0046,G14,海盐县、青田县、天台县、浦江县,0.583019
P0063,S0046,G15,龙泉市、宁波市、龙游县、新昌县,0.583019
P0063,S0046,G16,开化县、乐清市、长兴县、金华市,0.583019
P0064,S0041,G01,舟山市、武义县、松阳县、嵊州市,0.582450
P0064,S0041,G02,宁波市、开化县、景宁畲族自治县、兰溪市,0.582450
P0064,S0041,G03,温州市、庆元县、仙居县、象山县,0.582450
P0064,S0041,G04,嘉兴市、温岭市、常山县、嵊泗县,0.582450
P0064,S0041,G05,宁海县、长兴县、平湖市、瑞安市,0.582450
P0064,S0041,G06,永嘉县、临海市、诸暨市、德清县,0.582450
P0064,S0041,G07,天台县、湖州市、江山市、浦江县,0.582450
P0064,S0041,G08,杭州市、文成县、东阳市、云和县,0.582450
P0064,S0041,G09,安吉县、新昌县、海宁市、丽水市,0.582450
P0064,S0041,G10,玉环市、金华市、龙游县、乐清市,0.582450
P0064,S0041,G11,青田县、平阳县、桐乡市、三门县,0.582450
P0064,S0041,G12,缙云县、慈溪市、建德市、衢州市,0.582450
P0064,S0041,G13,岱山县、遂昌县、绍兴市、苍南县,0.582450
P0064,S0041,G14,海盐县、龙泉市、义乌市、泰顺县,0.582450
P0064,S0041,G15,淳安县、台州市、磐安县、余姚市,0.582450
P0064,S0041,G16,龙港市、永康市、桐庐县、嘉善县,0.582450
P0065,S0116,G01,象山县、文成县、嵊州市、嵊泗县,0.581515
P0065,S0116,G02,宁波市、兰溪市、仙居县、建德市,0.581515
P0065,S0116,G03,安吉县、宁海县、庆元县、永康市,0.581515
P0065,S0116,G04,嘉兴市、龙泉市、德清县、诸暨市,0.581515
P0065,S0116,G05,湖州市、遂昌县、三门县、义乌市,0.581515
P0065,S0116,G06,岱山县、松阳县、苍南县、淳安县,0.581515
P0065,S0116,G07,绍兴市、温岭市、嘉善县、长兴县,0.581515
P0065,S0116,G08,衢州市、乐清市、海宁市、余姚市,0.581515
P0065,S0116,G09,开化县、景宁畲族自治县、平湖市、玉环市,0.581515
P0065,S0116,G10,龙游县、泰顺县、桐乡市、舟山市,0.581515
P0065,S0116,G11,丽水市、永嘉县、磐安县、慈溪市,0.581515
P0065,S0116,G12,平阳县、缙云县、金华市、新昌县,0.581515
P0065,S0116,G13,龙港市、青田县、台州市、浦江县,0.581515
P0065,S0116,G14,武义县、江山市、桐庐县、瑞安市,0.581515
P0065,S0116,G15,天台县、常山县、东阳市、杭州市,0.581515
P0065,S0116,G16,云和县、临海市、温州市、海盐县,0.581515
P0066,S0127,G01,岱山县、台州市、江山市、桐乡市,0.581447
P0066,S0127,G02,磐安县、宁波市、嵊泗县、桐庐县,0.581447
P0066,S0127,G03,文成县、龙泉市、嘉兴市、永康市,0.581447
P0066,S0127,G04,丽水市、义乌市、常山县、温岭市,0.581447
P0066,S0127,G05,玉环市、龙港市、遂昌县、金华市,0.581447
P0066,S0127,G06,余姚市、乐清市、新昌县、兰溪市,0.581447
P0066,S0127,G07,浦江县、青田县、宁海县、温州市,0.581447
P0066,S0127,G08,永嘉县、仙居县、衢州市、云和县,0.581447
P0066,S0127,G09,海盐县、龙游县、瑞安市、景宁畲族自治县,0.581447
P0066,S0127,G10,安吉县、苍南县、缙云县、临海市,0.581447
P0066,S0127,G11,泰顺县、平湖市、三门县、慈溪市,0.581447
P0066,S0127,G12,德清县、杭州市、嘉善县、嵊州市,0.581447
P0066,S0127,G13,天台县、长兴县、武义县、松阳县,0.581447
P0066,S0127,G14,湖州市、庆元县、淳安县、诸暨市,0.581447
P0066,S0127,G15,东阳市、象山县、建德市、舟山市,0.581447
P0066,S0127,G16,海宁市、平阳县、绍兴市、开化县,0.581447
P0067,S0044,G01,松阳县、仙居县、义乌市、乐清市,0.580930
P0067,S0044,G02,宁波市、青田县、淳安县、平阳县,0.580930
P0067,S0044,G03,永康市、温岭市、丽水市、余姚市,0.580930
P0067,S0044,G04,嘉兴市、岱山县、兰溪市、德清县,0.580930
P0067,S0044,G05,湖州市、慈溪市、遂昌县、浦江县,0.580930
P0067,S0044,G06,温州市、云和县、象山县、平湖市,0.580930
P0067,S0044,G07,瑞安市、衢州市、庆元县、建德市,0.580930
P0067,S0044,G08,磐安县、杭州市、开化县、龙港市,0.580930
P0067,S0044,G09,诸暨市、桐乡市、长兴县、文成县,0.580930
P0067,S0044,G10,台州市、武义县、新昌县、宁海县,0.580930
P0067,S0044,G11,绍兴市、永嘉县、安吉县、龙泉市,0.580930
P0067,S0044,G12,天台县、海盐县、东阳市、龙游县,0.580930
P0067,S0044,G13,嵊州市、江山市、苍南县、海宁市,0.580930
P0067,S0044,G14,桐庐县、景宁畲族自治县、嘉善县、临海市,0.580930
P0067,S0044,G15,玉环市、嵊泗县、缙云县、金华市,0.580930
P0067,S0044,G16,三门县、常山县、泰顺县、舟山市,0.580930
P0068,S0039,G01,杭州市、江山市、龙港市、武义县,0.580867
P0068,S0039,G02,龙泉市、永康市、象山县、嘉善县,0.580867
P0068,S0039,G03,仙居县、安吉县、岱山县、温州市,0.580867
P0068,S0039,G04,海盐县、义乌市、文成县、诸暨市,0.580867
P0068,S0039,G05,湖州市、嵊泗县、乐清市、磐安县,0.580867
P0068,S0039,G06,遂昌县、永嘉县、慈溪市、新昌县,0.580867
P0068,S0039,G07,金华市、淳安县、临海市、缙云县,0.580867
P0068,S0039,G08,天台县、龙游县、青田县、长兴县,0.580867
P0068,S0039,G09,建德市、松阳县、三门县、宁海县,0.580867
P0068,S0039,G10,桐乡市、余姚市、舟山市、苍南县,0.580867
P0068,S0039,G11,宁波市、兰溪市、嵊州市、开化县,0.580867
P0068,S0039,G12,东阳市、泰顺县、海宁市、绍兴市,0.580867
P0068,S0039,G13,丽水市、德清县、平湖市、常山县,0.580867
P0068,S0039,G14,云和县、桐庐县、台州市、瑞安市,0.580867
P0068,S0039,G15,温岭市、平阳县、衢州市、景宁畲族自治县,0.580867
P0068,S0039,G16,玉环市、庆元县、嘉兴市、浦江县,0.580867
P0069,S0064,G01,舟山市、安吉县、临海市、诸暨市,0.578702
P0069,S0064,G02,建德市、武义县、嘉善县、德清县,0.578702
P0069,S0064,G03,嘉兴市、象山县、文成县、东阳市,0.578702
P0069,S0064,G04,松阳县、永康市、常山县、慈溪市,0.578702
P0069,S0064,G05,三门县、磐安县、海盐县、绍兴市,0.578702
P0069,S0064,G06,龙港市、杭州市、天台县、义乌市,0.578702
P0069,S0064,G07,新昌县、温岭市、龙游县、云和县,0.578702
P0069,S0064,G08,瑞安市、庆元县、余姚市、岱山县,0.578702
P0069,S0064,G09,浦江县、衢州市、乐清市、遂昌县,0.578702
P0069,S0064,G10,台州市、开化县、长兴县、龙泉市,0.578702
P0069,S0064,G11,丽水市、泰顺县、仙居县、平湖市,0.578702
P0069,S0064,G12,青田县、桐乡市、苍南县、玉环市,0.578702
P0069,S0064,G13,海宁市、温州市、宁海县、江山市,0.578702
P0069,S0064,G14,嵊泗县、兰溪市、景宁畲族自治县、宁波市,0.578702
P0069,S0064,G15,淳安县、湖州市、平阳县、嵊州市,0.578702
P0069,S0064,G16,缙云县、桐庐县、金华市、永嘉县,0.578702
P0070,S0112,G01,杭州市、龙游县、永嘉县、景宁畲族自治县,0.578553
P0070,S0112,G02,宁波市、嘉善县、苍南县、江山市,0.578553
P0070,S0112,G03,松阳县、象山县、兰溪市、海盐县,0.578553
P0070,S0112,G04,宁海县、金华市、玉环市、平阳县,0.578553
P0070,S0112,G05,庆元县、浦江县、常山县、桐庐县,0.578553
P0070,S0112,G06,乐清市、岱山县、新昌县、衢州市,0.578553
P0070,S0112,G07,绍兴市、龙泉市、泰顺县、德清县,0.578553
P0070,S0112,G08,慈溪市、长兴县、东阳市、舟山市,0.578553
P0070,S0112,G09,开化县、武义县、建德市、台州市,0.578553
P0070,S0112,G10,永康市、云和县、嘉兴市、仙居县,0.578553
P0070,S0112,G11,湖州市、缙云县、瑞安市、三门县,0.578553
P0070,S0112,G12,温州市、遂昌县、天台县、桐乡市,0.578553
P0070,S0112,G13,嵊州市、丽水市、平湖市、义乌市,0.578553
P0070,S0112,G14,诸暨市、海宁市、龙港市、淳安县,0.578553
P0070,S0112,G15,温岭市、安吉县、嵊泗县、文成县,0.578553
P0070,S0112,G16,余姚市、青田县、临海市、磐安县,0.578553
P0071,S0065,G01,杭州市、浦江县、临海市、龙泉市,0.578340
P0071,S0065,G02,金华市、瑞安市、岱山县、宁海县,0.578340
P0071,S0065,G03,宁波市、青田县、三门县、龙港市,0.578340
P0071,S0065,G04,温州市、安吉县、嘉善县、遂昌县,0.578340
P0071,S0065,G05,湖州市、义乌市、慈溪市、文成县,0.578340
P0071,S0065,G06,庆元县、常山县、嘉兴市、桐庐县,0.578340
P0071,S0065,G07,东阳市、平湖市、乐清市、诸暨市,0.578340
P0071,S0065,G08,海宁市、天台县、云和县、新昌县,0.578340
P0071,S0065,G09,永嘉县、衢州市、松阳县、仙居县,0.578340
P0071,S0065,G10,台州市、泰顺县、桐乡市、余姚市,0.578340
P0071,S0065,G11,丽水市、武义县、长兴县、温岭市,0.578340
P0071,S0065,G12,景宁畲族自治县、兰溪市、玉环市、开化县,0.578340
P0071,S0065,G13,海盐县、缙云县、磐安县、龙游县,0.578340
P0071,S0065,G14,平阳县、绍兴市、永康市、德清县,0.578340
P0071,S0065,G15,苍南县、舟山市、象山县、建德市,0.578340
P0071,S0065,G16,江山市、淳安县、嵊泗县、嵊州市,0.578340
P0072,S0130,G01,文成县、磐安县、缙云县、三门县,0.577869
P0072,S0130,G02,海宁市、青田县、绍兴市、淳安县,0.577869
P0072,S0130,G03,温州市、庆元县、嘉善县、永康市,0.577869
P0072,S0130,G04,嘉兴市、义乌市、安吉县、桐庐县,0.577869
P0072,S0130,G05,德清县、衢州市、新昌县、武义县,0.577869
P0072,S0130,G06,舟山市、常山县、仙居县、平阳县,0.577869
P0072,S0130,G07,金华市、苍南县、龙泉市、天台县,0.577869
P0072,S0130,G08,云和县、桐乡市、温岭市、嵊泗县,0.577869
P0072,S0130,G09,玉环市、景宁畲族自治县、宁波市、永嘉县,0.577869
P0072,S0130,G10,龙游县、临海市、丽水市、海盐县,0.577869
P0072,S0130,G11,宁海县、诸暨市、建德市、泰顺县,0.577869
P0072,S0130,G12,平湖市、瑞安市、象山县、开化县,0.577869
P0072,S0130,G13,长兴县、龙港市、浦江县、杭州市,0.577869
P0072,S0130,G14,松阳县、余姚市、湖州市、东阳市,0.577869
P0072,S0130,G15,遂昌县、慈溪市、嵊州市、乐清市,0.577869
P0072,S0130,G16,台州市、兰溪市、江山市、岱山县,0.577869
P0073,S0056,G01,杭州市、临海市、永康市、龙游县,0.576781
P0073,S0056,G02,瑞安市、兰溪市、缙云县、建德市,0.576781
P0073,S0056,G03,长兴县、东阳市、天台县、诸暨市,0.576781
P0073,S0056,G04,常山县、云和县、嘉兴市、新昌县,0.576781
P0073,S0056,G05,湖州市、苍南县、玉环市、宁海县,0.576781
P0073,S0056,G06,绍兴市、淳安县、青田县、德清县,0.576781
P0073,S0056,G07,金华市、龙港市、温岭市、遂昌县,0.576781
P0073,S0056,G08,舟山市、龙泉市、乐清市、浦江县,0.576781
P0073,S0056,G09,丽水市、平湖市、永嘉县、象山县,0.576781
P0073,S0056,G10,台州市、文成县、嘉善县、武义县,0.576781
P0073,S0056,G11,衢州市、三门县、慈溪市、海宁市,0.576781
P0073,S0056,G12,磐安县、安吉县、泰顺县、开化县,0.576781
P0073,S0056,G13,桐庐县、庆元县、平阳县、仙居县,0.576781
P0073,S0056,G14,海盐县、温州市、嵊州市、义乌市,0.576781
P0073,S0056,G15,余姚市、景宁畲族自治县、嵊泗县、江山市,0.576781
P0073,S0056,G16,宁波市、松阳县、桐乡市、岱山县,0.576781
P0074,S0061,G01,嵊州市、兰溪市、云和县、江山市,0.576731
P0074,S0061,G02,绍兴市、平湖市、遂昌县、建德市,0.576731
P0074,S0061,G03,温州市、义乌市、玉环市、嵊泗县,0.576731
P0074,S0061,G04,舟山市、乐清市、龙游县、永康市,0.576731
P0074,S0061,G05,海宁市、天台县、泰顺县、庆元县,0.576731
P0074,S0061,G06,安吉县、淳安县、台州市、松阳县,0.576731
P0074,S0061,G07,余姚市、丽水市、武义县、温岭市,0.576731
P0074,S0061,G08,湖州市、临海市、瑞安市、东阳市,0.576731
P0074,S0061,G09,嘉兴市、宁海县、龙泉市、永嘉县,0.576731
P0074,S0061,G10,浦江县、平阳县、常山县、长兴县,0.576731
P0074,S0061,G11,青田县、岱山县、嘉善县、衢州市,0.576731
P0074,S0061,G12,开化县、龙港市、桐庐县、慈溪市,0.576731
P0074,S0061,G13,海盐县、苍南县、象山县、杭州市,0.576731
P0074,S0061,G14,景宁畲族自治县、诸暨市、金华市、文成县,0.576731
P0074,S0061,G15,缙云县、宁波市、仙居县、磐安县,0.576731
P0074,S0061,G16,桐乡市、三门县、新昌县、德清县,0.576731
P0075,S0058,G01,杭州市、平阳县、兰溪市、三门县,0.576574
P0075,S0058,G02,龙游县、浦江县、慈溪市、安吉县,0.576574
P0075,S0058,G03,义乌市、仙居县、绍兴市、文成县,0.576574
P0075,S0058,G04,台州市、景宁畲族自治县、平湖市、新昌县,0.576574
P0075,S0058,G05,长兴县、武义县、嘉善县、嵊州市,0.576574
P0075,S0058,G06,余姚市、青田县、嵊泗县、温州市,0.576574
P0075,S0058,G07,桐乡市、温岭市、泰顺县、宁海县,0.576574
P0075,S0058,G08,海盐县、松阳县、宁波市、永康市,0.576574
P0075,S0058,G09,舟山市、桐庐县、龙泉市、龙港市,0.576574
P0075,S0058,G10,湖州市、象山县、东阳市、淳安县,0.576574
P0075,S0058,G11,丽水市、磐安县、开化县、临海市,0.576574
P0075,S0058,G12,玉环市、永嘉县、金华市、缙云县,0.576574
P0075,S0058,G13,德清县、遂昌县、诸暨市、衢州市,0.576574
P0075,S0058,G14,乐清市、庆元县、岱山县、江山市,0.576574
P0075,S0058,G15,常山县、苍南县、云和县、嘉兴市,0.576574
P0075,S0058,G16,瑞安市、天台县、海宁市、建德市,0.576574
P0076,S0054,G01,湖州市、永嘉县、武义县、龙游县,0.576108
P0076,S0054,G02,宁波市、龙港市、景宁畲族自治县、诸暨市,0.576108
P0076,S0054,G03,嘉兴市、松阳县、永康市、长兴县,0.576108
P0076,S0054,G04,义乌市、嘉善县、绍兴市、开化县,0.576108
P0076,S0054,G05,天台县、磐安县、宁海县、温州市,0.576108
P0076,S0054,G06,江山市、台州市、浦江县、建德市,0.576108
P0076,S0054,G07,青田县、嵊州市、嵊泗县、苍南县,0.576108
P0076,S0054,G08,常山县、龙泉市、德清县、平阳县,0.576108
P0076,S0054,G09,金华市、海宁市、三门县、云和县,0.576108
P0076,S0054,G10,海盐县、泰顺县、舟山市、缙云县,0.576108
P0076,S0054,G11,玉环市、瑞安市、淳安县、庆元县,0.576108
P0076,S0054,G12,仙居县、遂昌县、安吉县、余姚市,0.576108
P0076,S0054,G13,温岭市、平湖市、岱山县、丽水市,0.576108
P0076,S0054,G14,文成县、新昌县、临海市、杭州市,0.576108
P0076,S0054,G15,桐庐县、象山县、东阳市、衢州市,0.576108
P0076,S0054,G16,兰溪市、乐清市、桐乡市、慈溪市,0.576108
P0077,S0111,G01,龙港市、东阳市、青田县、开化县,0.575911
P0077,S0111,G02,德清县、云和县、杭州市、平阳县,0.575911
P0077,S0111,G03,温州市、诸暨市、常山县、温岭市,0.575911
P0077,S0111,G04,舟山市、嵊州市、长兴县、天台县,0.575911
P0077,S0111,G05,龙泉市、金华市、苍南县、新昌县,0.575911
P0077,S0111,G06,绍兴市、建德市、磐安县、泰顺县,0.575911
P0077,S0111,G07,江山市、淳安县、岱山县、嘉兴市,0.575911
P0077,S0111,G08,宁海县、乐清市、兰溪市、龙游县,0.575911
P0077,S0111,G09,海盐县、义乌市、玉环市、缙云县,0.575911
P0077,S0111,G10,平湖市、衢州市、余姚市、嵊泗县,0.575911
P0077,S0111,G11,丽水市、嘉善县、三门县、安吉县,0.575911
P0077,S0111,G12,景宁畲族自治县、永嘉县、象山县、永康市,0.575911
P0077,S0111,G13,庆元县、台州市、海宁市、慈溪市,0.575911
P0077,S0111,G14,桐庐县、临海市、宁波市、遂昌县,0.575911
P0077,S0111,G15,湖州市、桐乡市、文成县、浦江县,0.575911
P0077,S0111,G16,瑞安市、武义县、仙居县、松阳县,0.575911
P0078,S0043,G01,台州市、瑞安市、云和县、东阳市,0.575662
P0078,S0043,G02,遂昌县、江山市、岱山县、海宁市,0.575662
P0078,S0043,G03,温州市、宁海县、淳安县、兰溪市,0.575662
P0078,S0043,G04,临海市、宁波市、景宁畲族自治县、泰顺县,0.575662
P0078,S0043,G05,缙云县、磐安县、诸暨市、慈溪市,0.575662
P0078,S0043,G06,绍兴市、永嘉县、玉环市、建德市,0.575662
P0078,S0043,G07,金华市、新昌县、平阳县、嘉善县,0.575662
P0078,S0043,G08,舟山市、常山县、德清县、武义县,0.575662
P0078,S0043,G09,湖州市、海盐县、浦江县、青田县,0.575662
P0078,S0043,G10,嵊泗县、苍南县、桐乡市、桐庐县,0.575662
P0078,S0043,G11,丽水市、平湖市、三门县、义乌市,0.575662
P0078,S0043,G12,开化县、龙港市、杭州市、永康市,0.575662
P0078,S0043,G13,松阳县、象山县、衢州市、温岭市,0.575662
P0078,S0043,G14,庆元县、文成县、长兴县、嵊州市,0.575662
P0078,S0043,G15,安吉县、乐清市、天台县、嘉兴市,0.575662
P0078,S0043,G16,龙游县、余姚市、龙泉市、仙居县,0.575662
P0079,S0167,G01,嘉善县、玉环市、遂昌县、绍兴市,0.575455
P0079,S0167,G02,新昌县、平湖市、仙居县、乐清市,0.575455
P0079,S0167,G03,温州市、三门县、江山市、海宁市,0.575455
P0079,S0167,G04,海盐县、杭州市、龙游县、宁海县,0.575455
P0079,S0167,G05,湖州市、嵊泗县、龙泉市、武义县,0.575455
P0079,S0167,G06,嘉兴市、临海市、苍南县、青田县,0.575455
P0079,S0167,G07,桐乡市、云和县、天台县、宁波市,0.575455
P0079,S0167,G08,德清县、松阳县、建德市、岱山县,0.575455
P0079,S0167,G09,舟山市、淳安县、余姚市、嵊州市,0.575455
P0079,S0167,G10,台州市、缙云县、龙港市、浦江县,0.575455
P0079,S0167,G11,泰顺县、磐安县、景宁畲族自治县、象山县,0.575455
P0079,S0167,G12,安吉县、金华市、文成县、诸暨市,0.575455
P0079,S0167,G13,庆元县、永嘉县、衢州市、东阳市,0.575455
P0079,S0167,G14,义乌市、温岭市、平阳县、长兴县,0.575455
P0079,S0167,G15,瑞安市、兰溪市、慈溪市、常山县,0.575455
P0079,S0167,G16,桐庐县、开化县、丽水市、永康市,0.575455
P0080,S0023,G01,长兴县、天台县、平阳县、金华市,0.575069
P0080,S0023,G02,嘉兴市、松阳县、淳安县、临海市,0.575069
P0080,S0023,G03,湖州市、象山县、开化县、岱山县,0.575069
P0080,S0023,G04,衢州市、兰溪市、庆元县、安吉县,0.575069
P0080,S0023,G05,龙泉市、江山市、宁海县、桐乡市,0.575069
P0080,S0023,G06,浦江县、杭州市、德清县、嵊泗县,0.575069
P0080,S0023,G07,文成县、景宁畲族自治县、海宁市、东阳市,0.575069
P0080,S0023,G08,嘉善县、温岭市、云和县、舟山市,0.575069
P0080,S0023,G09,泰顺县、桐庐县、仙居县、宁波市,0.575069
P0080,S0023,G10,台州市、建德市、武义县、海盐县,0.575069
P0080,S0023,G11,丽水市、苍南县、诸暨市、龙游县,0.575069
P0080,S0023,G12,慈溪市、缙云县、三门县、瑞安市,0.575069
P0080,S0023,G13,遂昌县、余姚市、乐清市、绍兴市,0.575069
P0080,S0023,G14,义乌市、温州市、青田县、嵊州市,0.575069
P0080,S0023,G15,磐安县、永嘉县、平湖市、新昌县,0.575069
P0080,S0023,G16,常山县、永康市、玉环市、龙港市,0.575069
P0081,S0139,G01,松阳县、武义县、温州市、平湖市,0.574681
P0081,S0139,G02,宁波市、嘉善县、玉环市、庆元县,0.574681
P0081,S0139,G03,台州市、龙泉市、海盐县、岱山县,0.574681
P0081,S0139,G04,丽水市、东阳市、余姚市、龙港市,0.574681
P0081,S0139,G05,景宁畲族自治县、磐安县、德清县、江山市,0.574681
P0081,S0139,G06,遂昌县、新昌县、三门县、湖州市,0.574681
P0081,S0139,G07,开化县、浦江县、天台县、绍兴市,0.574681
P0081,S0139,G08,平阳县、桐庐县、金华市、诸暨市,0.574681
P0081,S0139,G09,缙云县、长兴县、仙居县、象山县,0.574681
P0081,S0139,G10,临海市、嵊泗县、瑞安市、淳安县,0.574681
P0081,S0139,G11,泰顺县、云和县、嘉兴市、慈溪市,0.574681
P0081,S0139,G12,常山县、杭州市、文成县、永康市,0.574681
P0081,S0139,G13,宁海县、舟山市、龙游县、海宁市,0.574681
P0081,S0139,G14,乐清市、衢州市、温岭市、兰溪市,0.574681
P0081,S0139,G15,安吉县、永嘉县、嵊州市、桐乡市,0.574681
P0081,S0139,G16,苍南县、义乌市、建德市、青田县,0.574681
P0082,S0150,G01,桐庐县、磐安县、云和县、天台县,0.574187
P0082,S0150,G02,余姚市、嘉善县、嵊泗县、丽水市,0.574187
P0082,S0150,G03,宁波市、平阳县、新昌县、安吉县,0.574187
P0082,S0150,G04,永康市、瑞安市、庆元县、仙居县,0.574187
P0082,S0150,G05,平湖市、岱山县、台州市、文成县,0.574187
P0082,S0150,G06,绍兴市、景宁畲族自治县、永嘉县、开化县,0.574187
P0082,S0150,G07,衢州市、遂昌县、德清县、淳安县,0.574187
P0082,S0150,G08,金华市、建德市、慈溪市、常山县,0.574187
P0082,S0150,G09,舟山市、青田县、海盐县、温岭市,0.574187
P0082,S0150,G10,东阳市、龙泉市、三门县、乐清市,0.574187
P0082,S0150,G11,临海市、泰顺县、宁海县、海宁市,0.574187
P0082,S0150,G12,龙港市、湖州市、龙游县、武义县,0.574187
P0082,S0150,G13,松阳县、长兴县、杭州市、象山县,0.574187
P0082,S0150,G14,义乌市、桐乡市、温州市、诸暨市,0.574187
P0082,S0150,G15,嘉兴市、兰溪市、苍南县、江山市,0.574187
P0082,S0150,G16,嵊州市、浦江县、缙云县、玉环市,0.574187
P0083,S0063,G01,杭州市、平阳县、磐安县、仙居县,0.574153
P0083,S0063,G02,台州市、东阳市、景宁畲族自治县、苍南县,0.574153
P0083,S0063,G03,衢州市、庆元县、三门县、德清县,0.574153
P0083,S0063,G04,嘉兴市、遂昌县、嵊泗县、慈溪市,0.574153
P0083,S0063,G05,常山县、浦江县、龙泉市、长兴县,0.574153
P0083,S0063,G06,诸暨市、云和县、文成县、金华市,0.574153
P0083,S0063,G07,龙港市、青田县、舟山市、兰溪市,0.574153
P0083,S0063,G08,丽水市、平湖市、岱山县、临海市,0.574153
P0083,S0063,G09,武义县、温岭市、安吉县、新昌县,0.574153
P0083,S0063,G10,宁波市、瑞安市、海盐县、龙游县,0.574153
P0083,S0063,G11,温州市、宁海县、天台县、淳安县,0.574153
P0083,S0063,G12,绍兴市、海宁市、乐清市、义乌市,0.574153
P0083,S0063,G13,嵊州市、缙云县、湖州市、建德市,0.574153
P0083,S0063,G14,桐庐县、象山县、玉环市、江山市,0.574153
P0083,S0063,G15,桐乡市、永嘉县、开化县、永康市,0.574153
P0083,S0063,G16,嘉善县、泰顺县、余姚市、松阳县,0.574153
P0084,S0060,G01,杭州市、瑞安市、海盐县、嵊州市,0.574132
P0084,S0060,G02,温州市、龙泉市、仙居县、东阳市,0.574132
P0084,S0060,G03,长兴县、平湖市、临海市、象山县,0.574132
P0084,S0060,G04,嘉兴市、安吉县、平阳县、新昌县,0.574132
P0084,S0060,G05,诸暨市、磐安县、岱山县、开化县,0.574132
P0084,S0060,G06,兰溪市、桐庐县、缙云县、温岭市,0.574132
P0084,S0060,G07,龙游县、桐乡市、永嘉县、淳安县,0.574132
P0084,S0060,G08,衢州市、乐清市、永康市、德清县,0.574132
P0084,S0060,G09,庆元县、建德市、泰顺县、台州市,0.574132
P0084,S0060,G10,武义县、遂昌县、宁波市、龙港市,0.574132
P0084,S0060,G11,常山县、三门县、海宁市、义乌市,0.574132
P0084,S0060,G12,宁海县、文成县、云和县、舟山市,0.574132
P0084,S0060,G13,慈溪市、青田县、苍南县、湖州市,0.574132
P0084,S0060,G14,丽水市、江山市、浦江县、嵊泗县,0.574132
P0084,S0060,G15,景宁畲族自治县、余姚市、天台县、金华市,0.574132
P0084,S0060,G16,嘉善县、松阳县、玉环市、绍兴市,0.574132
P0085,S0075,G01,衢州市、龙泉市、兰溪市、永嘉县,0.573918
P0085,S0075,G02,长兴县、温岭市、宁波市、海盐县,0.573918
P0085,S0075,G03,温州市、庆元县、余姚市、桐庐县,0.573918
P0085,S0075,G04,台州市、岱山县、东阳市、德清县,0.573918
P0085,S0075,G05,新昌县、淳安县、龙港市、青田县,0.573918
P0085,S0075,G06,绍兴市、乐清市、天台县、平湖市,0.573918
P0085,S0075,G07,临海市、泰顺县、松阳县、嘉善县,0.573918
P0085,S0075,G08,常山县、景宁畲族自治县、浦江县、安吉县,0.573918
P0085,S0075,G09,杭州市、义乌市、江山市、平阳县,0.573918
P0085,S0075,G10,嘉兴市、磐安县、嵊州市、苍南县,0.573918
P0085,S0075,G11,丽水市、三门县、建德市、慈溪市,0.573918
P0085,S0075,G12,瑞安市、云和县、象山县、武义县,0.573918
P0085,S0075,G13,桐乡市、遂昌县、诸暨市、舟山市,0.573918
P0085,S0075,G14,开化县、宁海县、玉环市、湖州市,0.573918
P0085,S0075,G15,缙云县、金华市、仙居县、文成县,0.573918
P0085,S0075,G16,龙游县、永康市、海宁市、嵊泗县,0.573918
P0086,S0137,G01,桐乡市、诸暨市、宁海县、淳安县,0.572849
P0086,S0137,G02,平阳县、景宁畲族自治县、海盐县、衢州市,0.572849
P0086,S0137,G03,温州市、东阳市、江山市、余姚市,0.572849
P0086,S0137,G04,瑞安市、金华市、青田县、仙居县,0.572849
P0086,S0137,G05,泰顺县、兰溪市、新昌县、舟山市,0.572849
P0086,S0137,G06,嘉兴市、嵊州市、温岭市、永康市,0.572849
P0086,S0137,G07,桐庐县、苍南县、岱山县、平湖市,0.572849
P0086,S0137,G08,武义县、嘉善县、遂昌县、开化县,0.572849
P0086,S0137,G09,嵊泗县、文成县、宁波市、庆元县,0.572849
P0086,S0137,G10,磐安县、永嘉县、玉环市、安吉县,0.572849
P0086,S0137,G11,常山县、龙港市、临海市、德清县,0.572849
P0086,S0137,G12,丽水市、三门县、浦江县、慈溪市,0.572849
P0086,S0137,G13,云和县、龙游县、象山县、杭州市,0.572849
P0086,S0137,G14,龙泉市、义乌市、长兴县、台州市,0.572849
P0086,S0137,G15,天台县、乐清市、湖州市、松阳县,0.572849
P0086,S0137,G16,缙云县、海宁市、绍兴市、建德市,0.572849
P0087,S0143,G01,永嘉县、青田县、淳安县、义乌市,0.572639
P0087,S0143,G02,开化县、松阳县、宁海县、岱山县,0.572639
P0087,S0143,G03,温州市、嵊州市、庆元县、磐安县,0.572639
P0087,S0143,G04,衢州市、遂昌县、三门县、平阳县,0.572639
P0087,S0143,G05,安吉县、东阳市、龙游县、龙泉市,0.572639
P0087,S0143,G06,嘉兴市、泰顺县、江山市、新昌县,0.572639
P0087,S0143,G07,文成县、长兴县、慈溪市、杭州市,0.572639
P0087,S0143,G08,永康市、常山县、绍兴市、瑞安市,0.572639
P0087,S0143,G09,龙港市、嘉善县、温岭市、金华市,0.572639
P0087,S0143,G10,浦江县、苍南县、海盐县、台州市,0.572639
P0087,S0143,G11,丽水市、临海市、平湖市、兰溪市,0.572639
P0087,S0143,G12,海宁市、舟山市、余姚市、德清县,0.572639
P0087,S0143,G13,乐清市、云和县、武义县、桐乡市,0.572639
P0087,S0143,G14,天台县、建德市、宁波市、嵊泗县,0.572639
P0087,S0143,G15,缙云县、仙居县、湖州市、桐庐县,0.572639
P0087,S0143,G16,景宁畲族自治县、象山县、玉环市、诸暨市,0.572639
P0088,S0110,G01,瑞安市、常山县、天台县、景宁畲族自治县,0.572544
P0088,S0110,G02,湖州市、江山市、遂昌县、苍南县,0.572544
P0088,S0110,G03,宁海县、杭州市、青田县、永康市,0.572544
P0088,S0110,G04,玉环市、平阳县、慈溪市、衢州市,0.572544
P0088,S0110,G05,宁波市、东阳市、泰顺县、缙云县,0.572544
P0088,S0110,G06,舟山市、临海市、云和县、安吉县,0.572544
P0088,S0110,G07,绍兴市、平湖市、乐清市、磐安县,0.572544
P0088,S0110,G08,余姚市、庆元县、嘉善县、仙居县,0.572544
P0088,S0110,G09,义乌市、松阳县、龙港市、海盐县,0.572544
P0088,S0110,G10,台州市、诸暨市、文成县、岱山县,0.572544
P0088,S0110,G11,兰溪市、淳安县、龙泉市、嘉兴市,0.572544
P0088,S0110,G12,桐庐县、象山县、温州市、三门县,0.572544
P0088,S0110,G13,德清县、建德市、浦江县、嵊泗县,0.572544
P0088,S0110,G14,永嘉县、金华市、开化县、海宁市,0.572544
P0088,S0110,G15,长兴县、龙游县、丽水市、嵊州市,0.572544
P0088,S0110,G16,桐乡市、武义县、温岭市、新昌县,0.572544
P0089,S0121,G01,杭州市、常山县、庆元县、长兴县,0.572530
P0089,S0121,G02,嵊泗县、兰溪市、天台县、龙港市,0.572530
P0089,S0121,G03,温州市、松阳县、玉环市、淳安县,0.572530
P0089,S0121,G04,浦江县、云和县、诸暨市、岱山县,0.572530
P0089,S0121,G05,瑞安市、台州市、建德市、青田县,0.572530
P0089,S0121,G06,衢州市、龙泉市、磐安县、慈溪市,0.572530
P0089,S0121,G07,仙居县、桐乡市、金华市、景宁畲族自治县,0.572530
P0089,S0121,G08,绍兴市、桐庐县、武义县、平阳县,0.572530
P0089,S0121,G09,舟山市、宁海县、缙云县、德清县,0.572530
P0089,S0121,G10,龙游县、新昌县、文成县、遂昌县,0.572530
P0089,S0121,G11,丽水市、乐清市、海宁市、象山县,0.572530
P0089,S0121,G12,苍南县、江山市、义乌市、温岭市,0.572530
P0089,S0121,G13,嘉兴市、安吉县、嵊州市、东阳市,0.572530
P0089,S0121,G14,平湖市、临海市、永康市、永嘉县,0.572530
P0089,S0121,G15,湖州市、海盐县、三门县、余姚市,0.572530
P0089,S0121,G16,泰顺县、开化县、嘉善县、宁波市,0.572530
P0090,S0085,G01,德清县、衢州市、遂昌县、天台县,0.572495
P0090,S0085,G02,宁波市、磐安县、景宁畲族自治县、安吉县,0.572495
P0090,S0085,G03,海宁市、缙云县、乐清市、仙居县,0.572495
P0090,S0085,G04,诸暨市、丽水市、义乌市、象山县,0.572495
P0090,S0085,G05,宁海县、温岭市、海盐县、舟山市,0.572495
P0090,S0085,G06,绍兴市、文成县、桐乡市、长兴县,0.572495
P0090,S0085,G07,平湖市、龙泉市、永康市、温州市,0.572495
P0090,S0085,G08,常山县、龙港市、余姚市、青田县,0.572495
P0090,S0085,G09,江山市、瑞安市、松阳县、嵊泗县,0.572495
P0090,S0085,G10,台州市、兰溪市、庆元县、建德市,0.572495
P0090,S0085,G11,桐庐县、平阳县、东阳市、三门县,0.572495
P0090,S0085,G12,新昌县、嘉兴市、泰顺县、岱山县,0.572495
P0090,S0085,G13,淳安县、永嘉县、慈溪市、开化县,0.572495
P0090,S0085,G14,苍南县、嵊州市、杭州市、武义县,0.572495
P0090,S0085,G15,嘉善县、金华市、临海市、龙游县,0.572495
P0090,S0085,G16,云和县、浦江县、湖州市、玉环市,0.572495
P0091,S0050,G01,义乌市、新昌县、桐乡市、平阳县,0.571914
P0091,S0050,G02,宁波市、松阳县、海盐县、温岭市,0.571914
P0091,S0050,G03,泰顺县、龙泉市、海宁市、诸暨市,0.571914
P0091,S0050,G04,缙云县、金华市、淳安县、临海市,0.571914
P0091,S0050,G05,浦江县、遂昌县、平湖市、衢州市,0.571914
P0091,S0050,G06,东阳市、永嘉县、湖州市、慈溪市,0.571914
P0091,S0050,G07,永康市、乐清市、三门县、宁海县,0.571914
P0091,S0050,G08,玉环市、建德市、江山市、青田县,0.571914
P0091,S0050,G09,绍兴市、仙居县、景宁畲族自治县、武义县,0.571914
P0091,S0050,G10,桐庐县、德清县、丽水市、瑞安市,0.571914
P0091,S0050,G11,嘉善县、兰溪市、温州市、天台县,0.571914
P0091,S0050,G12,苍南县、安吉县、龙游县、杭州市,0.571914
P0091,S0050,G13,云和县、台州市、岱山县、开化县,0.571914
P0091,S0050,G14,嵊州市、龙港市、余姚市、嘉兴市,0.571914
P0091,S0050,G15,长兴县、常山县、象山县、舟山市,0.571914
P0091,S0050,G16,嵊泗县、庆元县、磐安县、文成县,0.571914
P0092,S0147,G01,江山市、绍兴市、永康市、仙居县,0.571677
P0092,S0147,G02,龙泉市、岱山县、玉环市、瑞安市,0.571677
P0092,S0147,G03,温州市、浦江县、德清县、缙云县,0.571677
P0092,S0147,G04,湖州市、遂昌县、磐安县、常山县,0.571677
P0092,S0147,G05,景宁畲族自治县、义乌市、桐乡市、建德市,0.571677
P0092,S0147,G06,嘉兴市、温岭市、泰顺县、桐庐县,0.571677
P0092,S0147,G07,金华市、宁海县、嘉善县、淳安县,0.571677
P0092,S0147,G08,衢州市、平阳县、三门县、东阳市,0.571677
P0092,S0147,G09,台州市、庆元县、长兴县、象山县,0.571677
P0092,S0147,G10,丽水市、龙港市、余姚市、平湖市,0.571677
P0092,S0147,G11,舟山市、文成县、海宁市、慈溪市,0.571677
P0092,S0147,G12,永嘉县、开化县、海盐县、兰溪市,0.571677
P0092,S0147,G13,新昌县、乐清市、杭州市、青田县,0.571677
P0092,S0147,G14,龙游县、松阳县、武义县、天台县,0.571677
P0092,S0147,G15,嵊泗县、宁波市、嵊州市、临海市,0.571677
P0092,S0147,G16,安吉县、云和县、苍南县、诸暨市,0.571677
P0093,S0097,G01,杭州市、长兴县、永嘉县、嘉善县,0.571446
P0093,S0097,G02,桐庐县、东阳市、平湖市、台州市,0.571446
P0093,S0097,G03,平阳县、嵊州市、开化县、建德市,0.571446
P0093,S0097,G04,嘉兴市、临海市、义乌市、余姚市,0.571446
P0093,S0097,G05,文成县、海宁市、云和县、永康市,0.571446
P0093,S0097,G06,庆元县、乐清市、岱山县、三门县,0.571446
P0093,S0097,G07,景宁畲族自治县、磐安县、安吉县、新昌县,0.571446
P0093,S0097,G08,龙港市、象山县、衢州市、龙泉市,0.571446
P0093,S0097,G09,舟山市、武义县、松阳县、桐乡市,0.571446
P0093,S0097,G10,德清县、瑞安市、诸暨市、宁海县,0.571446
P0093,S0097,G11,丽水市、玉环市、嵊泗县、泰顺县,0.571446
P0093,S0097,G12,金华市、江山市、天台县、慈溪市,0.571446
P0093,S0097,G13,湖州市、龙游县、温岭市、遂昌县,0.571446
P0093,S0097,G14,淳安县、温州市、缙云县、浦江县,0.571446
P0093,S0097,G15,青田县、宁波市、兰溪市、海盐县,0.571446
P0093,S0097,G16,绍兴市、苍南县、常山县、仙居县,0.571446
P0094,S0163,G01,杭州市、武义县、新昌县、常山县,0.571133
P0094,S0163,G02,宁波市、平阳县、淳安县、东阳市,0.571133
P0094,S0163,G03,长兴县、松阳县、永康市、泰顺县,0.571133
P0094,S0163,G04,遂昌县、浦江县、嵊州市、永嘉县,0.571133
P0094,S0163,G05,天台县、缙云县、嵊泗县、江山市,0.571133
P0094,S0163,G06,绍兴市、建德市、嘉善县、临海市,0.571133
P0094,S0163,G07,湖州市、三门县、慈溪市、开化县,0.571133
P0094,S0163,G08,嘉兴市、宁海县、玉环市、德清县,0.571133
P0094,S0163,G09,衢州市、海盐县、苍南县、余姚市,0.571133
P0094,S0163,G10,台州市、乐清市、兰溪市、诸暨市,0.571133
P0094,S0163,G11,丽水市、岱山县、桐乡市、温岭市,0.571133
P0094,S0163,G12,龙港市、青田县、龙游县、金华市,0.571133
P0094,S0163,G13,安吉县、海宁市、龙泉市、文成县,0.571133
P0094,S0163,G14,云和县、瑞安市、平湖市、义乌市,0.571133
P0094,S0163,G15,磐安县、象山县、温州市、庆元县,0.571133
P0094,S0163,G16,桐庐县、仙居县、舟山市、景宁畲族自治县,0.571133
P0095,S0165,G01,杭州市、龙游县、平湖市、长兴县,0.570320
P0095,S0165,G02,宁波市、乐清市、桐庐县、临海市,0.570320
P0095,S0165,G03,丽水市、泰顺县、永康市、安吉县,0.570320
P0095,S0165,G04,缙云县、东阳市、常山县、淳安县,0.570320
P0095,S0165,G05,庆元县、余姚市、武义县、衢州市,0.570320
P0095,S0165,G06,浦江县、海宁市、象山县、苍南县,0.570320
P0095,S0165,G07,金华市、嵊州市、平阳县、松阳县,0.570320
P0095,S0165,G08,德清县、宁海县、玉环市、温州市,0.570320
P0095,S0165,G09,青田县、磐安县、新昌县、桐乡市,0.570320
P0095,S0165,G10,温岭市、嵊泗县、龙泉市、慈溪市,0.570320
P0095,S0165,G11,嘉兴市、遂昌县、岱山县、开化县,0.570320
P0095,S0165,G12,永嘉县、嘉善县、绍兴市、建德市,0.570320
P0095,S0165,G13,海盐县、台州市、龙港市、云和县,0.570320
P0095,S0165,G14,江山市、舟山市、兰溪市、天台县,0.570320
P0095,S0165,G15,义乌市、景宁畲族自治县、仙居县、文成县,0.570320
P0095,S0165,G16,诸暨市、瑞安市、湖州市、三门县,0.570320
P0096,S0170,G01,永嘉县、台州市、海盐县、龙泉市,0.569886
P0096,S0170,G02,平阳县、云和县、温岭市、舟山市,0.569886
P0096,S0170,G03,武义县、遂昌县、临海市、温州市,0.569886
P0096,S0170,G04,嘉兴市、东阳市、庆元县、天台县,0.569886
P0096,S0170,G05,湖州市、开化县、浦江县、新昌县,0.569886
P0096,S0170,G06,苍南县、桐庐县、余姚市、三门县,0.569886
P0096,S0170,G07,杭州市、泰顺县、平湖市、长兴县,0.569886
P0096,S0170,G08,衢州市、海宁市、永康市、文成县,0.569886
P0096,S0170,G09,青田县、淳安县、安吉县、绍兴市,0.569886
P0096,S0170,G10,兰溪市、瑞安市、仙居县、象山县,0.569886
P0096,S0170,G11,玉环市、缙云县、宁波市、嵊州市,0.569886
P0096,S0170,G12,常山县、磐安县、松阳县、宁海县,0.569886
P0096,S0170,G13,龙港市、江山市、嵊泗县、丽水市,0.569886
P0096,S0170,G14,建德市、龙游县、桐乡市、义乌市,0.569886
P0096,S0170,G15,诸暨市、岱山县、嘉善县、德清县,0.569886
P0096,S0170,G16,慈溪市、景宁畲族自治县、乐清市、金华市,0.569886
P0097,S0068,G01,云和县、三门县、杭州市、平阳县,0.569695
P0097,S0068,G02,苍南县、东阳市、松阳县、玉环市,0.569695
P0097,S0068,G03,永康市、缙云县、桐庐县、衢州市,0.569695
P0097,S0068,G04,嘉兴市、德清县、温岭市、龙游县,0.569695
P0097,S0068,G05,慈溪市、常山县、遂昌县、湖州市,0.569695
P0097,S0068,G06,绍兴市、余姚市、文成县、建德市,0.569695
P0097,S0068,G07,金华市、新昌县、庆元县、淳安县,0.569695
P0097,S0068,G08,长兴县、泰顺县、嵊州市、舟山市,0.569695
P0097,S0068,G09,青田县、临海市、义乌市、瑞安市,0.569695
P0097,S0068,G10,武义县、乐清市、海宁市、安吉县,0.569695
P0097,S0068,G11,丽水市、平湖市、龙港市、象山县,0.569695
P0097,S0068,G12,兰溪市、嘉善县、岱山县、永嘉县,0.569695
P0097,S0068,G13,温州市、宁海县、江山市、仙居县,0.569695
P0097,S0068,G14,开化县、景宁畲族自治县、台州市、嵊泗县,0.569695
P0097,S0068,G15,诸暨市、磐安县、海盐县、天台县,0.569695
P0097,S0068,G16,宁波市、龙泉市、浦江县、桐乡市,0.569695
P0098,S0071,G01,德清县、景宁畲族自治县、文成县、慈溪市,0.569448
P0098,S0071,G02,宁波市、嵊泗县、缙云县、江山市,0.569448
P0098,S0071,G03,杭州市、开化县、兰溪市、苍南县,0.569448
P0098,S0071,G04,平湖市、余姚市、天台县、遂昌县,0.569448
P0098,S0071,G05,湖州市、龙游县、象山县、龙泉市,0.569448
P0098,S0071,G06,安吉县、三门县、嵊州市、宁海县,0.569448
P0098,S0071,G07,平阳县、温岭市、海宁市、绍兴市,0.569448
P0098,S0071,G08,嘉兴市、永嘉县、岱山县、永康市,0.569448
P0098,S0071,G09,桐庐县、义乌市、青田县、舟山市,0.569448
P0098,S0071,G10,诸暨市、泰顺县、云和县、淳安县,0.569448
P0098,S0071,G11,丽水市、嘉善县、临海市、磐安县,0.569448
P0098,S0071,G12,东阳市、龙港市、桐乡市、庆元县,0.569448
P0098,S0071,G13,仙居县、瑞安市、建德市、金华市,0.569448
P0098,S0071,G14,衢州市、武义县、长兴县、玉环市,0.569448
P0098,S0071,G15,乐清市、海盐县、台州市、新昌县,0.569448
P0098,S0071,G16,松阳县、常山县、温州市、浦江县,0.569448
P0099,S0066,G01,绍兴市、景宁畲族自治县、海宁市、建德市,0.569272
P0099,S0066,G02,乐清市、武义县、嘉兴市、象山县,0.569272
P0099,S0066,G03,温州市、龙泉市、安吉县、永康市,0.569272
P0099,S0066,G04,杭州市、浦江县、岱山县、文成县,0.569272
P0099,S0066,G05,仙居县、永嘉县、嘉善县、嵊州市,0.569272
P0099,S0066,G06,平阳县、兰溪市、云和县、长兴县,0.569272
P0099,S0066,G07,磐安县、余姚市、湖州市、桐庐县,0.569272
P0099,S0066,G08,龙游县、慈溪市、泰顺县、嵊泗县,0.569272
P0099,S0066,G09,玉环市、开化县、苍南县、遂昌县,0.569272
P0099,S0066,G10,衢州市、平湖市、青田县、宁海县,0.569272
P0099,S0066,G11,丽水市、新昌县、天台县、江山市,0.569272
P0099,S0066,G12,缙云县、义乌市、龙港市、台州市,0.569272
P0099,S0066,G13,松阳县、东阳市、三门县、桐乡市,0.569272
P0099,S0066,G14,温岭市、瑞安市、金华市、常山县,0.569272
P0099,S0066,G15,诸暨市、海盐县、临海市、宁波市,0.569272
P0099,S0066,G16,淳安县、庆元县、德清县、舟山市,0.569272
P0100,S0168,G01,天台县、龙游县、杭州市、泰顺县,0.568749
P0100,S0168,G02,东阳市、余姚市、淳安县、青田县,0.568749
P0100,S0168,G03,桐乡市、缙云县、仙居县、磐安县,0.568749
P0100,S0168,G04,永康市、建德市、安吉县、遂昌县,0.568749
P0100,S0168,G05,衢州市、桐庐县、新昌县、景宁畲族自治县,0.568749
P0100,S0168,G06,义乌市、丽水市、海盐县、龙港市,0.568749
P0100,S0168,G07,舟山市、乐清市、宁海县、平湖市,0.568749
P0100,S0168,G08,宁波市、岱山县、温岭市、文成县,0.568749
P0100,S0168,G09,温州市、慈溪市、嘉善县、嵊泗县,0.568749
P0100,S0168,G10,台州市、象山县、松阳县、苍南县,0.568749
P0100,S0168,G11,玉环市、浦江县、云和县、诸暨市,0.568749
P0100,S0168,G12,永嘉县、武义县、临海市、绍兴市,0.568749
P0100,S0168,G13,开化县、海宁市、龙泉市、湖州市,0.568749
P0100,S0168,G14,江山市、金华市、嵊州市、三门县,0.568749
P0100,S0168,G15,平阳县、嘉兴市、兰溪市、长兴县,0.568749
P0100,S0168,G16,瑞安市、常山县、德清县、庆元县,0.568749
