pool_id,source_scheme_id,topsis_score,hard_violations,same_city_repeat_index,pair_conflict_index,admin_diversity,sport_variance,sport_range,competition_suspense,hot_match_index,eco_cv,pop_cv,tour_cv,avg_inner_distance_km,geo_cover,G01,G02,G03,G04,G05,G06,G07,G08,G09,G10,G11,G12,G13,G14,G15,G16
P0001,S0390,0.629810068446,0,0.000000000000,0.000000000000,4.000000000000,620.374366236323,89.501140375406,0.185431687811,862.331575505883,0.638419721381,0.455906087143,0.324174579923,174.186218496391,3.500000000000,杭州市、德清县、海盐县、江山市,宁波市、庆元县、苍南县、常山县,温州市、三门县、海宁市、余姚市,嘉兴市、长兴县、东阳市、瑞安市,湖州市、景宁畲族自治县、泰顺县、慈溪市,绍兴市、临海市、桐乡市、宁海县,金华市、温岭市、乐清市、新昌县,衢州市、建德市、义乌市、文成县,舟山市、安吉县、平湖市、嵊州市,台州市、青田县、浦江县、岱山县,丽水市、玉环市、嘉善县、龙游县,松阳县、仙居县、磐安县、嵊泗县,云和县、淳安县、平阳县、开化县,缙云县、桐庐县、武义县、永嘉县,龙泉市、天台县、兰溪市、诸暨市,遂昌县、永康市、龙港市、象山县
P0002,S1311,0.627378454497,0,0.000000000000,0.000000000000,4.000000000000,547.001164259881,83.732756958424,0.180268073409,848.120955186958,0.598288746672,0.420928571592,0.305489754373,177.200982514870,3.562500000000,杭州市、龙港市、武义县、江山市,宁波市、乐清市、浦江县、德清县,温州市、临海市、义乌市、长兴县,嘉兴市、泰顺县、岱山县、景宁畲族自治县,湖州市、桐庐县、东阳市、缙云县,绍兴市、仙居县、嵊泗县、安吉县,金华市、永嘉县、玉环市、遂昌县,衢州市、文成县、兰溪市、象山县,舟山市、瑞安市、青田县、开化县,台州市、嵊州市、磐安县、龙泉市,丽水市、建德市、永康市、龙游县,海宁市、淳安县、新昌县、常山县,平湖市、平阳县、庆元县、宁海县,嘉善县、苍南县、三门县、松阳县,桐乡市、天台县、诸暨市、余姚市,海盐县、温岭市、云和县、慈溪市
P0003,S0176,0.621676010147,0,0.000000000000,0.000000000000,4.000000000000,663.505170038862,86.395930806325,0.182984216741,877.307988530049,0.680675681288,0.474903625643,0.359605020266,168.963628262220,3.312500000000,杭州市、永康市、泰顺县、岱山县,宁波市、温岭市、平阳县、松阳县,温州市、东阳市、嘉善县、龙泉市,嘉兴市、玉环市、永嘉县、庆元县,湖州市、嵊州市、桐庐县、象山县,绍兴市、义乌市、海盐县、德清县,金华市、建德市、青田县、宁海县,衢州市、磐安县、龙港市、云和县,舟山市、三门县、淳安县、长兴县,台州市、兰溪市、文成县、景宁畲族自治县,丽水市、天台县、海宁市、安吉县,开化县、浦江县、苍南县、遂昌县,江山市、诸暨市、乐清市、余姚市,常山县、仙居县、平湖市、慈溪市,龙游县、武义县、桐乡市、缙云县,新昌县、临海市、瑞安市、嵊泗县
P0004,S1945,0.614751878316,0,0.000000000000,0.000000000000,4.000000000000,577.079181784285,77.066355440960,0.183951957269,856.814310360911,0.633532405630,0.479823536642,0.295063027903,178.797844773480,3.375000000000,杭州市、乐清市、临海市、新昌县,宁波市、龙港市、仙居县、磐安县,温州市、慈溪市、三门县、常山县,嘉兴市、景宁畲族自治县、平阳县、开化县,湖州市、缙云县、苍南县、兰溪市,绍兴市、泰顺县、象山县、东阳市,金华市、长兴县、永嘉县、龙游县,衢州市、遂昌县、嵊州市、永康市,舟山市、龙泉市、温岭市、义乌市,台州市、安吉县、岱山县、江山市,丽水市、文成县、天台县、浦江县,嘉善县、青田县、嵊泗县、诸暨市,海盐县、云和县、余姚市、淳安县,桐乡市、松阳县、宁海县、建德市,海宁市、德清县、玉环市、桐庐县,平湖市、庆元县、瑞安市、武义县
P0005,S1458,0.613022872325,0,0.000000000000,0.000000000000,4.000000000000,741.351011164246,89.934085231007,0.187991376797,907.986798743049,0.748747647265,0.528424774294,0.411698550120,164.485074327552,3.437500000000,杭州市、泰顺县、慈溪市、长兴县,宁波市、临海市、景宁畲族自治县、德清县,温州市、天台县、嵊州市、海盐县,嘉兴市、玉环市、岱山县、建德市,湖州市、三门县、诸暨市、海宁市,绍兴市、兰溪市、宁海县、桐庐县,金华市、龙泉市、新昌县、安吉县,衢州市、永康市、象山县、桐乡市,舟山市、义乌市、余姚市、平湖市,台州市、永嘉县、遂昌县、常山县,丽水市、苍南县、武义县、江山市,乐清市、浦江县、云和县、开化县,龙港市、东阳市、庆元县、龙游县,平阳县、磐安县、松阳县、淳安县,瑞安市、温岭市、青田县、嵊泗县,文成县、仙居县、缙云县、嘉善县
P0006,S1054,0.612806438697,0,0.000000000000,0.000000000000,4.000000000000,474.211638140387,82.215723664431,0.172321065506,860.122857210340,0.631301571532,0.455905583767,0.304840872315,179.803899209959,3.500000000000,杭州市、东阳市、乐清市、长兴县,宁波市、平湖市、嵊州市、泰顺县,温州市、遂昌县、临海市、慈溪市,嘉兴市、缙云县、玉环市、安吉县,湖州市、义乌市、松阳县、龙游县,绍兴市、海盐县、三门县、江山市,金华市、嘉善县、仙居县、岱山县,衢州市、云和县、永嘉县、宁海县,舟山市、海宁市、温岭市、文成县,台州市、磐安县、青田县、瑞安市,丽水市、武义县、诸暨市、余姚市,淳安县、桐乡市、新昌县、常山县,桐庐县、庆元县、苍南县、开化县,永康市、景宁畲族自治县、天台县、德清县,建德市、兰溪市、龙港市、象山县,浦江县、龙泉市、平阳县、嵊泗县
P0007,S1129,0.611931200290,0,0.000000000000,0.000000000000,4.000000000000,688.976203142993,91.450821966076,0.194453168379,859.692604233549,0.647230134713,0.470887813609,0.320177150542,177.098938088897,3.500000000000,杭州市、浦江县、乐清市、诸暨市,宁波市、磐安县、龙港市、青田县,温州市、武义县、景宁畲族自治县、开化县,嘉兴市、桐庐县、仙居县、德清县,湖州市、平阳县、临海市、江山市,绍兴市、义乌市、泰顺县、遂昌县,金华市、象山县、温岭市、缙云县,衢州市、苍南县、玉环市、新昌县,舟山市、余姚市、永嘉县、庆元县,台州市、淳安县、岱山县、长兴县,丽水市、永康市、瑞安市、龙游县,海盐县、宁海县、三门县、松阳县,桐乡市、慈溪市、天台县、常山县,海宁市、东阳市、龙泉市、安吉县,平湖市、建德市、嵊泗县、云和县,嘉善县、兰溪市、文成县、嵊州市
P0008,S0589,0.611603846464,0,0.000000000000,0.000000000000,4.000000000000,632.993802703102,98.920116800519,0.164537316266,842.668198103175,0.586219047987,0.413198624829,0.293796395474,163.150093852956,3.312500000000,杭州市、苍南县、江山市、松阳县,宁波市、兰溪市、嘉善县、庆元县,温州市、永康市、诸暨市、青田县,嘉兴市、安吉县、新昌县、玉环市,湖州市、东阳市、海宁市、桐庐县,绍兴市、乐清市、开化县、遂昌县,金华市、文成县、常山县、云和县,衢州市、永嘉县、嵊泗县、龙泉市,舟山市、磐安县、淳安县、温岭市,台州市、龙港市、武义县、景宁畲族自治县,丽水市、泰顺县、龙游县、天台县,象山县、瑞安市、岱山县、临海市,宁海县、浦江县、嵊州市、三门县,慈溪市、义乌市、平湖市、建德市,长兴县、平阳县、海盐县、缙云县,余姚市、德清县、桐乡市、仙居县
P0009,S0912,0.607044506979,0,0.000000000000,0.000000000000,4.000000000000,530.916246025769,82.682119356059,0.176191729102,853.361664653601,0.610663431903,0.433432920592,0.333018061540,178.912906696721,3.500000000000,杭州市、云和县、苍南县、常山县,宁波市、乐清市、三门县、新昌县,温州市、景宁畲族自治县、义乌市、开化县,嘉兴市、宁海县、武义县、临海市,湖州市、象山县、泰顺县、嵊泗县,绍兴市、遂昌县、平阳县、仙居县,金华市、青田县、桐庐县、龙游县,衢州市、龙泉市、永康市、嵊州市,舟山市、慈溪市、永嘉县、长兴县,台州市、松阳县、岱山县、德清县,丽水市、龙港市、建德市、玉环市,海宁市、缙云县、兰溪市、天台县,平湖市、庆元县、东阳市、诸暨市,海盐县、余姚市、浦江县、温岭市,嘉善县、文成县、磐安县、安吉县,桐乡市、瑞安市、淳安县、江山市
P0010,S0248,0.606743478901,0,0.000000000000,0.000000000000,4.000000000000,426.652515947408,63.613101374031,0.163811236001,847.340785571968,0.608185361195,0.438970409553,0.307600679948,178.109986116366,3.375000000000,杭州市、苍南县、江山市、遂昌县,宁波市、海盐县、德清县、新昌县,温州市、三门县、常山县、诸暨市,嘉兴市、文成县、义乌市、青田县,湖州市、宁海县、平阳县、景宁畲族自治县,绍兴市、平湖市、东阳市、岱山县,金华市、慈溪市、瑞安市、龙泉市,衢州市、象山县、安吉县、嵊州市,舟山市、海宁市、龙游县、庆元县,台州市、永嘉县、浦江县、云和县,丽水市、泰顺县、开化县、淳安县,临海市、桐乡市、武义县、建德市,仙居县、余姚市、兰溪市、松阳县,天台县、龙港市、永康市、缙云县,玉环市、乐清市、长兴县、桐庐县,温岭市、嘉善县、磐安县、嵊泗县
P0011,S1135,0.602459396158,0,0.000000000000,0.000000000000,4.000000000000,552.434047541034,76.361741275243,0.175437908655,878.860250640703,0.700089391171,0.487410197215,0.349549655151,175.786989755203,3.312500000000,杭州市、平阳县、青田县、永康市,宁波市、仙居县、诸暨市、义乌市,温州市、临海市、松阳县、开化县,嘉兴市、慈溪市、龙泉市、淳安县,湖州市、余姚市、新昌县、东阳市,绍兴市、桐乡市、云和县、兰溪市,金华市、海盐县、象山县、长兴县,衢州市、海宁市、嵊州市、建德市,舟山市、三门县、江山市、武义县,台州市、文成县、龙游县、桐庐县,丽水市、泰顺县、常山县、嵊泗县,瑞安市、平湖市、遂昌县、浦江县,永嘉县、温岭市、宁海县、德清县,乐清市、天台县、景宁畲族自治县、磐安县,苍南县、玉环市、庆元县、岱山县,龙港市、嘉善县、缙云县、安吉县
P0012,S0476,0.602019335287,0,0.000000000000,0.000000000000,4.000000000000,556.282206032146,74.681222102436,0.174387470441,884.713831723204,0.666551851692,0.484285023930,0.380442110195,178.797636938311,3.437500000000,杭州市、景宁畲族自治县、江山市、义乌市,宁波市、云和县、岱山县、德清县,温州市、遂昌县、新昌县、长兴县,嘉兴市、乐清市、诸暨市、永康市,湖州市、松阳县、龙港市、建德市,绍兴市、桐乡市、文成县、兰溪市,金华市、海宁市、象山县、桐庐县,衢州市、天台县、泰顺县、余姚市,舟山市、海盐县、常山县、淳安县,台州市、平湖市、瑞安市、宁海县,丽水市、平阳县、嵊州市、安吉县,临海市、庆元县、嵊泗县、慈溪市,温岭市、缙云县、开化县、武义县,玉环市、青田县、苍南县、东阳市,三门县、龙泉市、永嘉县、磐安县,仙居县、嘉善县、龙游县、浦江县
P0013,S1061,0.600300164819,0,0.000000000000,0.000000000000,4.000000000000,567.125660787497,81.952724672014,0.165329253906,864.223907470099,0.669412147108,0.460511122928,0.329465434608,173.450501924686,3.437500000000,杭州市、海盐县、仙居县、德清县,宁波市、嘉善县、云和县、安吉县,温州市、开化县、庆元县、义乌市,嘉兴市、江山市、缙云县、新昌县,湖州市、永嘉县、东阳市、诸暨市,绍兴市、乐清市、兰溪市、建德市,金华市、余姚市、临海市、长兴县,衢州市、桐乡市、松阳县、武义县,舟山市、龙游县、龙泉市、磐安县,台州市、平阳县、青田县、淳安县,丽水市、常山县、温岭市、桐庐县,文成县、慈溪市、遂昌县、永康市,龙港市、海宁市、玉环市、嵊州市,泰顺县、宁海县、三门县、岱山县,瑞安市、象山县、天台县、嵊泗县,苍南县、平湖市、景宁畲族自治县、浦江县
P0014,S1099,0.598342631599,0,0.000000000000,0.000000000000,4.000000000000,484.040512677958,76.488710986830,0.174125465712,861.033198870239,0.654903665886,0.470699148721,0.311822225210,183.779495864030,3.625000000000,杭州市、东阳市、瑞安市、岱山县,宁波市、永康市、景宁畲族自治县、仙居县,温州市、磐安县、诸暨市、德清县,嘉兴市、庆元县、余姚市、临海市,湖州市、武义县、青田县、平阳县,绍兴市、遂昌县、文成县、长兴县,金华市、桐乡市、象山县、嵊州市,衢州市、松阳县、桐庐县、三门县,舟山市、平湖市、龙泉市、安吉县,台州市、海盐县、淳安县、泰顺县,丽水市、浦江县、龙港市、玉环市,常山县、海宁市、永嘉县、温岭市,开化县、云和县、宁海县、苍南县,龙游县、缙云县、乐清市、嵊泗县,兰溪市、嘉善县、慈溪市、天台县,江山市、义乌市、建德市、新昌县
P0015,S0546,0.598243660841,0,0.000000000000,0.000000000000,4.000000000000,668.167262266308,103.684694917051,0.165913043535,836.955969858079,0.562798617860,0.395415284239,0.287403444913,159.968646882199,3.062500000000,杭州市、磐安县、龙泉市、嵊泗县,宁波市、瑞安市、青田县、开化县,温州市、武义县、松阳县、临海市,嘉兴市、龙港市、三门县、岱山县,湖州市、兰溪市、缙云县、常山县,绍兴市、义乌市、平湖市、德清县,金华市、文成县、景宁畲族自治县、仙居县,衢州市、永康市、桐乡市、安吉县,舟山市、泰顺县、天台县、慈溪市,台州市、苍南县、遂昌县、象山县,丽水市、浦江县、海盐县、江山市,诸暨市、乐清市、庆元县、玉环市,建德市、东阳市、云和县、龙游县,淳安县、永嘉县、嘉善县、长兴县,桐庐县、新昌县、海宁市、宁海县,嵊州市、平阳县、温岭市、余姚市
P0016,S0098,0.598115699595,0,0.000000000000,0.000000000000,4.000000000000,497.107035831621,86.315026907148,0.149543309207,856.021948088311,0.614190742767,0.432453642236,0.335678107740,169.726456193747,3.500000000000,杭州市、青田县、长兴县、永康市,宁波市、三门县、德清县、嵊泗县,温州市、遂昌县、龙游县、义乌市,嘉兴市、临海市、瑞安市、慈溪市,湖州市、海盐县、常山县、诸暨市,绍兴市、仙居县、安吉县、岱山县,金华市、松阳县、永嘉县、新昌县,衢州市、云和县、平阳县、兰溪市,舟山市、缙云县、文成县、武义县,台州市、平湖市、江山市、宁海县,丽水市、嘉善县、龙港市、东阳市,庆元县、温岭市、海宁市、浦江县,景宁畲族自治县、天台县、泰顺县、嵊州市,建德市、桐乡市、开化县、磐安县,淳安县、龙泉市、乐清市、余姚市,桐庐县、玉环市、苍南县、象山县
P0017,S0469,0.598009571598,0,0.000000000000,0.000000000000,4.000000000000,552.285115946031,88.811936113373,0.200564128273,842.690294603259,0.609888397697,0.428511769794,0.241098179474,187.878078414227,3.375000000000,杭州市、海盐县、临海市、苍南县,宁波市、兰溪市、龙泉市、平阳县,温州市、义乌市、松阳县、嵊州市,嘉兴市、常山县、玉环市、永嘉县,湖州市、龙游县、温岭市、龙港市,绍兴市、嘉善县、云和县、乐清市,金华市、开化县、景宁畲族自治县、新昌县,衢州市、长兴县、建德市、三门县,舟山市、武义县、缙云县、泰顺县,台州市、平湖市、遂昌县、瑞安市,丽水市、海宁市、德清县、文成县,宁海县、磐安县、桐庐县、仙居县,余姚市、浦江县、青田县、诸暨市,永康市、江山市、庆元县、嵊泗县,慈溪市、桐乡市、淳安县、天台县,象山县、东阳市、安吉县、岱山县
P0018,S1810,0.596580636187,0,0.000000000000,0.000000000000,4.000000000000,576.459422818574,79.834097473439,0.187133738583,854.668752191258,0.621678457170,0.441403149275,0.312260286235,183.922491440421,3.375000000000,杭州市、仙居县、瑞安市、长兴县,宁波市、云和县、平阳县、开化县,温州市、松阳县、新昌县、德清县,嘉兴市、三门县、苍南县、常山县,湖州市、海盐县、龙港市、慈溪市,绍兴市、海宁市、桐庐县、龙游县,金华市、桐乡市、文成县、江山市,衢州市、天台县、义乌市、泰顺县,舟山市、青田县、武义县、宁海县,台州市、东阳市、岱山县、乐清市,丽水市、嘉善县、磐安县、象山县,缙云县、永康市、淳安县、安吉县,景宁畲族自治县、玉环市、嵊泗县、永嘉县,遂昌县、温岭市、浦江县、嵊州市,庆元县、平湖市、兰溪市、余姚市,龙泉市、临海市、建德市、诸暨市
P0019,S1183,0.596416300112,0,0.000000000000,0.000000000000,4.000000000000,512.497789817762,90.415952927003,0.180076061548,858.406311544241,0.625505334727,0.443343988441,0.323289550593,182.640658379826,3.500000000000,杭州市、义乌市、慈溪市、龙游县,宁波市、泰顺县、新昌县、三门县,温州市、东阳市、温岭市、江山市,嘉兴市、嵊泗县、遂昌县、临海市,湖州市、永康市、庆元县、天台县,绍兴市、岱山县、缙云县、海盐县,金华市、龙泉市、嵊州市、长兴县,衢州市、文成县、诸暨市、平湖市,舟山市、浦江县、青田县、嘉善县,台州市、平阳县、松阳县、开化县,丽水市、苍南县、宁海县、桐乡市,桐庐县、永嘉县、象山县、海宁市,瑞安市、兰溪市、余姚市、安吉县,建德市、武义县、云和县、玉环市,淳安县、乐清市、仙居县、德清县,龙港市、磐安县、景宁畲族自治县、常山县
P0020,S0208,0.595998230571,0,0.000000000000,0.000000000000,4.000000000000,615.565977863580,88.453071276122,0.169272179148,886.043317982867,0.637604596257,0.479628325137,0.377542240988,176.474570323945,3.437500000000,杭州市、云和县、泰顺县、永康市,宁波市、乐清市、安吉县、新昌县,温州市、德清县、嘉善县、诸暨市,嘉兴市、文成县、三门县、东阳市,湖州市、岱山县、天台县、兰溪市,绍兴市、嵊泗县、玉环市、余姚市,金华市、青田县、桐乡市、龙游县,衢州市、龙泉市、长兴县、嵊州市,舟山市、瑞安市、武义县、慈溪市,台州市、平阳县、海盐县、象山县,丽水市、桐庐县、温岭市、磐安县,庆元县、苍南县、浦江县、常山县,缙云县、永嘉县、仙居县、江山市,景宁畲族自治县、建德市、临海市、开化县,遂昌县、龙港市、平湖市、义乌市,松阳县、淳安县、海宁市、宁海县
P0021,S1432,0.595377098489,0,0.000000000000,0.000000000000,4.000000000000,581.508129472051,102.675868835063,0.179301121767,856.842039974963,0.646765298377,0.440017519468,0.302626534221,175.189806519209,3.312500000000,杭州市、苍南县、玉环市、开化县,宁波市、安吉县、遂昌县、岱山县,温州市、临海市、庆元县、东阳市,嘉兴市、泰顺县、建德市、江山市,湖州市、瑞安市、青田县、常山县,绍兴市、温岭市、宁海县、义乌市,金华市、龙港市、云和县、龙游县,衢州市、三门县、景宁畲族自治县、永康市,舟山市、永嘉县、缙云县、磐安县,台州市、平阳县、余姚市、兰溪市,丽水市、长兴县、淳安县、浦江县,嘉善县、乐清市、象山县、嵊泗县,海宁市、天台县、桐庐县、诸暨市,海盐县、德清县、松阳县、新昌县,桐乡市、文成县、慈溪市、嵊州市,平湖市、仙居县、龙泉市、武义县
P0022,S1182,0.592566116421,0,0.000000000000,0.000000000000,4.000000000000,664.250489644923,83.893646375248,0.187174730707,912.329670703669,0.683448372218,0.519018593251,0.407051973929,179.892908729889,3.312500000000,杭州市、泰顺县、义乌市、江山市,宁波市、长兴县、永康市、新昌县,温州市、桐乡市、兰溪市、诸暨市,嘉兴市、永嘉县、常山县、温岭市,湖州市、嘉善县、龙港市、天台县,绍兴市、云和县、东阳市、玉环市,金华市、庆元县、龙游县、岱山县,衢州市、安吉县、武义县、建德市,舟山市、龙泉市、慈溪市、三门县,台州市、瑞安市、宁海县、桐庐县,丽水市、海宁市、余姚市、淳安县,遂昌县、平湖市、苍南县、嵊泗县,青田县、平阳县、磐安县、临海市,缙云县、海盐县、象山县、嵊州市,景宁畲族自治县、文成县、浦江县、开化县,松阳县、德清县、乐清市、仙居县
P0023,S1363,0.592383820891,0,0.000000000000,0.000000000000,4.000000000000,658.932117922719,87.927571973060,0.170040959594,841.295864035574,0.570510006595,0.406932422375,0.321879520356,170.376321492686,3.187500000000,杭州市、嵊泗县、东阳市、新昌县,宁波市、龙泉市、平阳县、仙居县,温州市、缙云县、龙游县、三门县,嘉兴市、景宁畲族自治县、浦江县、天台县,湖州市、海盐县、武义县、江山市,绍兴市、遂昌县、永嘉县、玉环市,金华市、德清县、龙港市、开化县,衢州市、岱山县、文成县、临海市,舟山市、长兴县、兰溪市、瑞安市,台州市、云和县、永康市、常山县,丽水市、桐乡市、磐安县、桐庐县,慈溪市、嘉善县、乐清市、诸暨市,余姚市、庆元县、泰顺县、温岭市,象山县、松阳县、苍南县、嵊州市,宁海县、海宁市、青田县、淳安县,安吉县、平湖市、义乌市、建德市
P0024,S1366,0.592066170458,0,0.000000000000,0.000000000000,4.000000000000,706.833559336206,97.473522048711,0.194833733513,871.951588574431,0.679592458062,0.460302321521,0.380247902758,173.509390001232,3.312500000000,杭州市、平湖市、长兴县、岱山县,宁波市、温岭市、松阳县、嵊州市,温州市、临海市、景宁畲族自治县、常山县,嘉兴市、永康市、遂昌县、诸暨市,湖州市、天台县、嘉善县、龙游县,绍兴市、淳安县、海宁市、泰顺县,金华市、慈溪市、龙港市、开化县,衢州市、仙居县、桐乡市、新昌县,舟山市、兰溪市、龙泉市、乐清市,台州市、桐庐县、云和县、文成县,丽水市、宁海县、德清县、嵊泗县,武义县、余姚市、缙云县、瑞安市,义乌市、象山县、安吉县、江山市,东阳市、三门县、庆元县、苍南县,浦江县、建德市、海盐县、永嘉县,磐安县、玉环市、青田县、平阳县
P0025,S0245,0.591728081052,0,0.000000000000,0.000000000000,4.000000000000,653.625514791778,86.365716776838,0.173981755145,829.738197954758,0.567718030923,0.408721934285,0.249292044137,177.438864344995,3.375000000000,杭州市、瑞安市、东阳市、温岭市,宁波市、武义县、景宁畲族自治县、玉环市,温州市、磐安县、龙泉市、仙居县,嘉兴市、泰顺县、义乌市、安吉县,湖州市、永康市、遂昌县、三门县,绍兴市、龙港市、松阳县、龙游县,金华市、嵊州市、青田县、临海市,衢州市、永嘉县、海盐县、天台县,舟山市、平阳县、桐乡市、长兴县,台州市、乐清市、庆元县、岱山县,丽水市、文成县、海宁市、嵊泗县,余姚市、桐庐县、平湖市、德清县,象山县、建德市、浦江县、云和县,慈溪市、诸暨市、兰溪市、江山市,宁海县、新昌县、嘉善县、常山县,苍南县、淳安县、缙云县、开化县
P0026,S1558,0.591237073932,0,0.000000000000,0.000000000000,4.000000000000,588.053013056157,80.701277570105,0.173069865109,863.261769305719,0.617816539402,0.454474180093,0.330508453440,182.431410479114,3.500000000000,杭州市、乐清市、遂昌县、永康市,宁波市、新昌县、仙居县、岱山县,温州市、开化县、象山县、武义县,嘉兴市、文成县、云和县、东阳市,湖州市、永嘉县、余姚市、青田县,绍兴市、泰顺县、景宁畲族自治县、安吉县,金华市、瑞安市、三门县、长兴县,衢州市、嵊州市、天台县、桐庐县,舟山市、慈溪市、庆元县、兰溪市,台州市、江山市、缙云县、磐安县,丽水市、常山县、临海市、嵊泗县,海宁市、龙港市、宁海县、建德市,桐乡市、平阳县、松阳县、义乌市,平湖市、诸暨市、玉环市、淳安县,海盐县、龙游县、龙泉市、浦江县,嘉善县、苍南县、温岭市、德清县
P0027,S1052,0.590537336168,0,0.000000000000,0.000000000000,4.000000000000,573.285823709671,83.397629040551,0.159126712539,845.291309058091,0.594896022591,0.412492332668,0.293167885752,177.219597870127,3.500000000000,杭州市、浦江县、江山市、龙泉市,宁波市、三门县、苍南县、长兴县,温州市、磐安县、龙游县、云和县,嘉兴市、永嘉县、新昌县、缙云县,湖州市、桐乡市、泰顺县、象山县,绍兴市、临海市、嵊泗县、松阳县,金华市、海宁市、开化县、余姚市,衢州市、义乌市、诸暨市、安吉县,舟山市、温岭市、平阳县、景宁畲族自治县,台州市、东阳市、文成县、岱山县,丽水市、兰溪市、瑞安市、德清县,天台县、平湖市、龙港市、宁海县,建德市、海盐县、嵊州市、慈溪市,淳安县、武义县、乐清市、青田县,玉环市、永康市、嘉善县、遂昌县,桐庐县、仙居县、常山县、庆元县
P0028,S0619,0.590010698795,0,0.000000000000,0.000000000000,4.000000000000,427.427791615691,86.557928320133,0.170720843080,856.599578781054,0.605843365243,0.413804446906,0.316085069522,188.776204085565,3.812500000000,杭州市、松阳县、文成县、常山县,宁波市、临海市、东阳市、德清县,温州市、遂昌县、浦江县、江山市,嘉兴市、缙云县、乐清市、岱山县,湖州市、云和县、嘉善县、建德市,绍兴市、泰顺县、兰溪市、平湖市,金华市、新昌县、苍南县、安吉县,衢州市、平阳县、慈溪市、桐乡市,舟山市、龙港市、永康市、淳安县,台州市、嵊州市、武义县、海盐县,丽水市、永嘉县、宁海县、长兴县,玉环市、诸暨市、磐安县、桐庐县,温岭市、龙泉市、瑞安市、嵊泗县,仙居县、景宁畲族自治县、余姚市、龙游县,天台县、庆元县、象山县、开化县,三门县、青田县、义乌市、海宁市
P0029,S0741,0.589830823904,0,0.000000000000,0.000000000000,4.000000000000,442.127235665062,77.113486409213,0.169762180615,845.117513363511,0.611808082190,0.426861978167,0.296088503964,181.679433125222,3.312500000000,杭州市、平阳县、海盐县、龙泉市,宁波市、义乌市、临海市、云和县,温州市、常山县、新昌县、仙居县,嘉兴市、瑞安市、诸暨市、景宁畲族自治县,湖州市、永康市、淳安县、遂昌县,绍兴市、龙港市、平湖市、长兴县,金华市、江山市、余姚市、松阳县,衢州市、乐清市、慈溪市、温岭市,舟山市、武义县、海宁市、德清县,台州市、苍南县、宁海县、缙云县,丽水市、永嘉县、桐乡市、安吉县,兰溪市、泰顺县、嵊州市、玉环市,磐安县、龙游县、桐庐县、庆元县,岱山县、文成县、建德市、三门县,浦江县、开化县、嘉善县、青田县,嵊泗县、东阳市、象山县、天台县
P0030,S1341,0.588187691872,0,0.000000000000,0.000000000000,4.000000000000,577.497311111489,91.355468945471,0.181588303239,865.081988014651,0.675006885229,0.459325549221,0.343320651332,177.143999675934,3.312500000000,杭州市、乐清市、松阳县、东阳市,宁波市、泰顺县、遂昌县、义乌市,温州市、诸暨市、云和县、龙游县,嘉兴市、建德市、青田县、兰溪市,湖州市、嵊州市、慈溪市、磐安县,绍兴市、嵊泗县、三门县、常山县,金华市、平阳县、玉环市、开化县,衢州市、永嘉县、缙云县、浦江县,舟山市、桐庐县、庆元县、象山县,台州市、淳安县、余姚市、德清县,丽水市、岱山县、临海市、永康市,桐乡市、苍南县、景宁畲族自治县、武义县,平湖市、瑞安市、温岭市、江山市,嘉善县、龙港市、天台县、宁海县,海盐县、新昌县、龙泉市、安吉县,海宁市、文成县、仙居县、长兴县
P0031,S0990,0.586724708480,0,0.000000000000,0.000000000000,4.000000000000,549.937769780691,78.969081967582,0.180572109114,851.974056307255,0.590176889720,0.419582614996,0.339375916266,188.068609177436,3.687500000000,杭州市、青田县、常山县、岱山县,宁波市、诸暨市、三门县、安吉县,温州市、平湖市、临海市、义乌市,嘉兴市、温岭市、龙游县、武义县,湖州市、海宁市、天台县、嵊泗县,绍兴市、松阳县、江山市、瑞安市,金华市、新昌县、泰顺县、德清县,衢州市、云和县、淳安县、磐安县,舟山市、嘉善县、仙居县、浦江县,台州市、海盐县、文成县、兰溪市,丽水市、桐乡市、玉环市、苍南县,象山县、龙泉市、开化县、乐清市,慈溪市、庆元县、永嘉县、东阳市,余姚市、遂昌县、建德市、永康市,宁海县、缙云县、龙港市、长兴县,景宁畲族自治县、嵊州市、桐庐县、平阳县
P0032,S0386,0.586613239438,0,0.000000000000,0.000000000000,4.000000000000,577.300507542006,85.405851472412,0.175023684168,853.292503225697,0.640055925605,0.447924969315,0.316333292237,178.925136792496,3.375000000000,杭州市、遂昌县、临海市、新昌县,宁波市、苍南县、嘉善县、德清县,温州市、景宁畲族自治县、永康市、江山市,嘉兴市、平阳县、兰溪市、常山县,湖州市、庆元县、桐乡市、岱山县,绍兴市、缙云县、浦江县、开化县,金华市、瑞安市、长兴县、建德市,衢州市、龙港市、玉环市、嵊泗县,舟山市、龙泉市、仙居县、龙游县,台州市、乐清市、武义县、安吉县,丽水市、文成县、平湖市、东阳市,象山县、海盐县、义乌市、诸暨市,宁海县、永嘉县、温岭市、嵊州市,余姚市、青田县、天台县、桐庐县,泰顺县、云和县、三门县、磐安县,慈溪市、松阳县、海宁市、淳安县
P0033,S1725,0.586122073369,0,0.000000000000,0.000000000000,4.000000000000,597.427090143209,89.555433665007,0.175564802792,840.644573571488,0.584998299535,0.424715830396,0.284853293125,181.102174762061,3.437500000000,杭州市、平阳县、武义县、遂昌县,宁波市、温岭市、东阳市、景宁畲族自治县,温州市、象山县、云和县、常山县,嘉兴市、慈溪市、义乌市、青田县,湖州市、海盐县、浦江县、嵊州市,绍兴市、苍南县、永康市、江山市,金华市、龙港市、海宁市、缙云县,衢州市、瑞安市、德清县、建德市,舟山市、文成县、龙泉市、新昌县,台州市、乐清市、磐安县、龙游县,丽水市、仙居县、安吉县、淳安县,嵊泗县、三门县、兰溪市、桐庐县,岱山县、余姚市、长兴县、诸暨市,天台县、宁海县、嘉善县、庆元县,玉环市、永嘉县、平湖市、松阳县,临海市、泰顺县、桐乡市、开化县
P0034,S1370,0.585728848451,0,0.000000000000,0.000000000000,4.000000000000,665.459177734249,93.142229855619,0.175123244687,898.930737460113,0.669738037721,0.475500444395,0.419579490676,174.543020957176,3.375000000000,杭州市、兰溪市、江山市、龙泉市,宁波市、永康市、岱山县、桐乡市,温州市、安吉县、宁海县、遂昌县,嘉兴市、泰顺县、嵊州市、淳安县,湖州市、文成县、龙游县、海盐县,绍兴市、长兴县、常山县、庆元县,金华市、德清县、慈溪市、嘉善县,衢州市、武义县、余姚市、平湖市,舟山市、永嘉县、诸暨市、建德市,台州市、东阳市、嵊泗县、海宁市,丽水市、天台县、平阳县、桐庐县,玉环市、龙港市、象山县、云和县,仙居县、义乌市、苍南县、青田县,温岭市、乐清市、新昌县、景宁畲族自治县,临海市、浦江县、瑞安市、缙云县,三门县、磐安县、开化县、松阳县
P0035,S1267,0.584640145552,0,0.000000000000,0.000000000000,4.000000000000,617.586388454165,82.977043421614,0.174967018070,884.330102879712,0.688006435750,0.495622681268,0.379923818570,176.619248268591,3.375000000000,杭州市、玉环市、永康市、岱山县,宁波市、嘉善县、泰顺县、诸暨市,温州市、平湖市、青田县、德清县,嘉兴市、松阳县、淳安县、安吉县,湖州市、缙云县、磐安县、余姚市,绍兴市、常山县、兰溪市、平阳县,金华市、江山市、桐庐县、长兴县,衢州市、海宁市、义乌市、文成县,舟山市、桐乡市、武义县、慈溪市,台州市、海盐县、永嘉县、宁海县,丽水市、龙游县、乐清市、新昌县,仙居县、庆元县、东阳市、嵊泗县,三门县、云和县、浦江县、嵊州市,温岭市、龙泉市、龙港市、象山县,临海市、景宁畲族自治县、建德市、苍南县,天台县、开化县、遂昌县、瑞安市
P0036,S0480,0.584066210204,0,0.000000000000,0.000000000000,4.000000000000,734.859424715995,83.203351158032,0.178357943590,906.762612675595,0.712724930967,0.510136177280,0.420964478980,173.147610935057,3.375000000000,杭州市、长兴县、海盐县、永康市,宁波市、龙港市、遂昌县、武义县,温州市、德清县、嵊州市、建德市,嘉兴市、玉环市、缙云县、嵊泗县,湖州市、瑞安市、龙泉市、淳安县,绍兴市、天台县、平湖市、义乌市,金华市、慈溪市、嘉善县、岱山县,衢州市、临海市、青田县、磐安县,舟山市、宁海县、海宁市、桐庐县,台州市、乐清市、诸暨市、浦江县,丽水市、温岭市、新昌县、常山县,泰顺县、余姚市、庆元县、龙游县,苍南县、安吉县、景宁畲族自治县、兰溪市,平阳县、三门县、云和县、开化县,永嘉县、仙居县、松阳县、江山市,文成县、象山县、桐乡市、东阳市
P0037,S0420,0.583785995050,0,0.000000000000,0.000000000000,4.000000000000,661.190924009158,91.692821025737,0.183353891216,854.204107206207,0.638959584920,0.453095197818,0.319726937148,181.955178043810,3.625000000000,杭州市、瑞安市、东阳市、象山县,宁波市、温岭市、武义县、岱山县,温州市、仙居县、龙泉市、开化县,嘉兴市、泰顺县、云和县、常山县,湖州市、天台县、永康市、宁海县,绍兴市、德清县、义乌市、江山市,金华市、苍南县、缙云县、淳安县,衢州市、临海市、景宁畲族自治县、慈溪市,舟山市、文成县、青田县、建德市,台州市、平阳县、磐安县、嵊泗县,丽水市、乐清市、嵊州市、龙游县,桐乡市、玉环市、遂昌县、余姚市,海盐县、长兴县、三门县、桐庐县,平湖市、安吉县、松阳县、诸暨市,海宁市、永嘉县、兰溪市、庆元县,嘉善县、龙港市、浦江县、新昌县
P0038,S0319,0.583733363237,0,0.000000000000,0.000000000000,4.000000000000,707.251616568010,94.439070196038,0.181111407282,851.620517179068,0.597821828340,0.448816402486,0.303017425912,179.983067811445,3.437500000000,杭州市、江山市、三门县、青田县,宁波市、临海市、文成县、缙云县,温州市、象山县、仙居县、诸暨市,嘉兴市、浦江县、天台县、庆元县,湖州市、兰溪市、岱山县、龙泉市,绍兴市、永康市、温岭市、云和县,金华市、龙游县、永嘉县、景宁畲族自治县,衢州市、武义县、长兴县、遂昌县,舟山市、慈溪市、苍南县、德清县,台州市、开化县、乐清市、松阳县,丽水市、余姚市、瑞安市、建德市,海盐县、东阳市、平阳县、嵊州市,平湖市、宁海县、玉环市、桐庐县,海宁市、常山县、嵊泗县、新昌县,嘉善县、义乌市、龙港市、淳安县,桐乡市、磐安县、泰顺县、安吉县
P0039,S0103,0.583650668776,0,0.000000000000,0.000000000000,4.000000000000,694.783431784064,98.579089720797,0.164784272067,853.815938731973,0.591656010991,0.441448425090,0.308826360274,170.627457820835,3.250000000000,杭州市、玉环市、长兴县、龙游县,宁波市、临海市、嘉善县、常山县,温州市、海宁市、安吉县、江山市,嘉兴市、缙云县、德清县、新昌县,湖州市、青田县、桐乡市、兰溪市,绍兴市、温岭市、苍南县、慈溪市,金华市、松阳县、龙港市、开化县,衢州市、三门县、嵊州市、义乌市,舟山市、云和县、文成县、东阳市,台州市、景宁畲族自治县、乐清市、浦江县,丽水市、永嘉县、诸暨市、象山县,桐庐县、仙居县、海盐县、宁海县,嵊泗县、天台县、瑞安市、余姚市,建德市、遂昌县、平湖市、武义县,岱山县、庆元县、平阳县、永康市,淳安县、龙泉市、泰顺县、磐安县
P0040,S0271,0.583575333737,0,0.000000000000,0.000000000000,4.000000000000,671.370964644779,90.545629896373,0.170595635950,862.238433607498,0.647125568629,0.451742983944,0.333112641292,174.791042141091,3.375000000000,杭州市、乐清市、仙居县、松阳县,宁波市、永康市、临海市、平湖市,温州市、兰溪市、龙游县、缙云县,嘉兴市、安吉县、开化县、景宁畲族自治县,湖州市、东阳市、三门县、龙泉市,绍兴市、浦江县、淳安县、海盐县,金华市、龙港市、宁海县、庆元县,衢州市、武义县、象山县、云和县,舟山市、泰顺县、余姚市、桐乡市,台州市、长兴县、桐庐县、岱山县,丽水市、苍南县、温岭市、嵊泗县,诸暨市、平阳县、慈溪市、青田县,永嘉县、义乌市、常山县、遂昌县,嵊州市、瑞安市、建德市、天台县,文成县、德清县、玉环市、嘉善县,新昌县、磐安县、江山市、海宁市
P0041,S1408,0.583238052324,0,0.000000000000,0.000000000000,4.000000000000,560.135752710721,84.237563514036,0.149548275044,843.652669370643,0.591027194766,0.414512382738,0.276175332402,171.847637066976,3.250000000000,杭州市、平阳县、开化县、遂昌县,宁波市、乐清市、三门县、义乌市,温州市、嵊州市、磐安县、岱山县,嘉兴市、新昌县、温岭市、东阳市,湖州市、余姚市、天台县、松阳县,绍兴市、慈溪市、常山县、浦江县,金华市、瑞安市、龙游县、龙泉市,衢州市、临海市、兰溪市、云和县,舟山市、泰顺县、仙居县、景宁畲族自治县,台州市、苍南县、永康市、缙云县,丽水市、永嘉县、玉环市、嵊泗县,海宁市、文成县、淳安县、德清县,海盐县、象山县、武义县、长兴县,嘉善县、诸暨市、桐庐县、庆元县,平湖市、龙港市、建德市、安吉县,桐乡市、宁海县、江山市、青田县
P0042,S1468,0.583156150531,0,0.000000000000,0.000000000000,4.000000000000,516.231965628004,83.110235511641,0.166241866019,855.542652624342,0.618747205458,0.438486973937,0.298317032043,183.844356236052,3.500000000000,杭州市、常山县、平阳县、长兴县,宁波市、嘉善县、东阳市、岱山县,温州市、遂昌县、义乌市、天台县,嘉兴市、江山市、泰顺县、象山县,湖州市、海宁市、浦江县、嵊州市,绍兴市、缙云县、文成县、玉环市,金华市、龙泉市、苍南县、安吉县,衢州市、海盐县、磐安县、余姚市,舟山市、松阳县、三门县、德清县,台州市、云和县、乐清市、慈溪市,丽水市、兰溪市、龙港市、新昌县,青田县、桐乡市、瑞安市、仙居县,桐庐县、平湖市、永嘉县、宁海县,淳安县、开化县、武义县、温岭市,景宁畲族自治县、龙游县、临海市、嵊泗县,建德市、庆元县、永康市、诸暨市
P0043,S0531,0.582993143983,0,0.000000000000,0.000000000000,4.000000000000,640.495522455441,100.225293625505,0.188102868169,848.446151958018,0.600541441869,0.428655778891,0.289042030667,185.201213737715,3.562500000000,杭州市、玉环市、苍南县、缙云县,宁波市、海盐县、瑞安市、江山市,温州市、德清县、东阳市、景宁畲族自治县,嘉兴市、三门县、龙港市、龙泉市,湖州市、温岭市、永嘉县、嵊泗县,绍兴市、泰顺县、磐安县、岱山县,金华市、新昌县、云和县、开化县,衢州市、平湖市、永康市、庆元县,舟山市、仙居县、安吉县、青田县,台州市、桐乡市、长兴县、宁海县,丽水市、文成县、义乌市、余姚市,诸暨市、天台县、兰溪市、遂昌县,桐庐县、临海市、松阳县、常山县,建德市、海宁市、乐清市、慈溪市,淳安县、嘉善县、武义县、象山县,嵊州市、平阳县、浦江县、龙游县
P0044,S1805,0.581717276264,0,0.000000000000,0.000000000000,4.000000000000,719.422769038216,86.165769839632,0.187871022147,869.494462997615,0.620798433294,0.481773272956,0.338448641398,183.812017694984,3.437500000000,杭州市、仙居县、龙游县、长兴县,宁波市、临海市、义乌市、嘉善县,温州市、天台县、武义县、平湖市,嘉兴市、景宁畲族自治县、龙港市、余姚市,湖州市、青田县、浦江县、海盐县,绍兴市、瑞安市、嵊泗县、海宁市,金华市、三门县、泰顺县、宁海县,衢州市、庆元县、东阳市、嵊州市,舟山市、云和县、永康市、新昌县,台州市、文成县、兰溪市、安吉县,丽水市、温岭市、江山市、象山县,遂昌县、苍南县、岱山县、桐乡市,淳安县、龙泉市、乐清市、慈溪市,松阳县、平阳县、常山县、磐安县,桐庐县、玉环市、永嘉县、诸暨市,建德市、缙云县、开化县、德清县
P0045,S0670,0.580664330255,0,0.000000000000,0.000000000000,4.000000000000,643.970110492355,78.442901671362,0.178921235577,864.897656950235,0.644032869787,0.454657026308,0.357969322158,183.243720024383,3.562500000000,杭州市、东阳市、青田县、诸暨市,宁波市、三门县、龙泉市、苍南县,温州市、余姚市、庆元县、嵊泗县,嘉兴市、德清县、瑞安市、嵊州市,湖州市、江山市、龙港市、新昌县,绍兴市、安吉县、松阳县、岱山县,金华市、临海市、平阳县、桐庐县,衢州市、宁海县、缙云县、桐乡市,舟山市、义乌市、永嘉县、海盐县,台州市、长兴县、云和县、泰顺县,丽水市、象山县、天台县、平湖市,浦江县、龙游县、遂昌县、海宁市,磐安县、温岭市、景宁畲族自治县、乐清市,武义县、慈溪市、仙居县、嘉善县,兰溪市、常山县、玉环市、建德市,永康市、开化县、文成县、淳安县
P0046,S0141,0.580631973729,0,0.000000000000,0.000000000000,4.000000000000,642.803876028936,76.834448827754,0.164776538433,884.394951127674,0.692133247185,0.511309999315,0.378199387658,171.905486047383,3.312500000000,杭州市、海盐县、诸暨市、江山市,宁波市、兰溪市、青田县、长兴县,温州市、浦江县、新昌县、建德市,嘉兴市、武义县、龙泉市、苍南县,湖州市、三门县、松阳县、瑞安市,绍兴市、慈溪市、临海市、永嘉县,金华市、余姚市、缙云县、开化县,衢州市、象山县、景宁畲族自治县、桐庐县,舟山市、桐乡市、安吉县、淳安县,台州市、磐安县、德清县、常山县,丽水市、嘉善县、嵊州市、文成县,岱山县、宁海县、温岭市、泰顺县,东阳市、平湖市、庆元县、龙游县,永康市、玉环市、遂昌县、龙港市,嵊泗县、仙居县、云和县、乐清市,义乌市、海宁市、天台县、平阳县
P0047,S1051,0.580575050291,0,0.000000000000,0.000000000000,4.000000000000,502.251295988730,82.427271894050,0.168911437215,872.777652759431,0.645823728358,0.458121566077,0.361822036594,183.229697548144,3.500000000000,杭州市、常山县、青田县、义乌市,宁波市、龙游县、龙港市、长兴县,温州市、三门县、庆元县、永康市,嘉兴市、宁海县、景宁畲族自治县、岱山县,湖州市、嵊州市、泰顺县、兰溪市,绍兴市、海盐县、文成县、东阳市,金华市、象山县、瑞安市、淳安县,衢州市、平湖市、平阳县、浦江县,舟山市、江山市、新昌县、建德市,台州市、嘉善县、云和县、安吉县,丽水市、余姚市、永嘉县、嵊泗县,温岭市、诸暨市、松阳县、苍南县,天台县、桐乡市、龙泉市、武义县,玉环市、海宁市、缙云县、德清县,仙居县、开化县、遂昌县、磐安县,临海市、慈溪市、乐清市、桐庐县
P0048,S1841,0.579270587276,0,0.000000000000,0.000000000000,4.000000000000,669.244697399276,93.491316339253,0.181607681042,872.452504924848,0.634681239401,0.460491430698,0.349969739510,179.346968229252,3.250000000000,杭州市、临海市、文成县、开化县,宁波市、永康市、乐清市、新昌县,温州市、三门县、兰溪市、常山县,嘉兴市、松阳县、武义县、嵊泗县,湖州市、平湖市、宁海县、淳安县,绍兴市、缙云县、义乌市、长兴县,金华市、温岭市、永嘉县、安吉县,衢州市、海宁市、平阳县、建德市,舟山市、云和县、浦江县、桐庐县,台州市、海盐县、苍南县、德清县,丽水市、天台县、龙港市、江山市,庆元县、磐安县、瑞安市、龙游县,景宁畲族自治县、桐乡市、余姚市、诸暨市,青田县、仙居县、象山县、嵊州市,遂昌县、嘉善县、泰顺县、岱山县,龙泉市、玉环市、东阳市、慈溪市
P0049,S0096,0.578871992928,0,0.000000000000,0.000000000000,4.000000000000,791.563982100305,97.634820650250,0.203583726927,869.764941143935,0.645242748330,0.480203844738,0.371490798090,177.466153756166,3.250000000000,杭州市、三门县、平湖市、乐清市,宁波市、东阳市、庆元县、平阳县,温州市、天台县、云和县、慈溪市,嘉兴市、浦江县、景宁畲族自治县、瑞安市,湖州市、临海市、遂昌县、泰顺县,绍兴市、桐庐县、松阳县、岱山县,金华市、桐乡市、新昌县、文成县,衢州市、建德市、海盐县、安吉县,舟山市、淳安县、缙云县、宁海县,台州市、开化县、青田县、龙港市,丽水市、温岭市、嵊泗县、长兴县,兰溪市、常山县、龙泉市、苍南县,义乌市、江山市、海宁市、余姚市,磐安县、龙游县、嘉善县、德清县,永康市、玉环市、嵊州市、象山县,武义县、仙居县、诸暨市、永嘉县
P0050,S1578,0.578171565770,0,0.000000000000,0.000000000000,4.000000000000,571.499177898091,84.533011751010,0.175250086832,872.684034883491,0.696020926245,0.485073353272,0.352828835107,180.203790346436,3.500000000000,杭州市、义乌市、嘉善县、天台县,宁波市、淳安县、三门县、岱山县,温州市、东阳市、海盐县、长兴县,嘉兴市、平阳县、龙泉市、常山县,湖州市、瑞安市、遂昌县、宁海县,绍兴市、泰顺县、松阳县、临海市,金华市、云和县、新昌县、开化县,衢州市、兰溪市、缙云县、嵊泗县,舟山市、武义县、仙居县、安吉县,台州市、磐安县、海宁市、慈溪市,丽水市、平湖市、嵊州市、江山市,龙港市、浦江县、景宁畲族自治县、温岭市,乐清市、建德市、诸暨市、德清县,文成县、青田县、玉环市、象山县,永嘉县、桐庐县、桐乡市、龙游县,苍南县、永康市、庆元县、余姚市
P0051,S1518,0.577941626148,0,0.000000000000,0.000000000000,4.000000000000,593.276850631874,74.852475773628,0.185177890254,892.807436986355,0.721861067909,0.505846518457,0.378726891728,187.164177173300,3.687500000000,杭州市、景宁畲族自治县、岱山县、临海市,宁波市、义乌市、泰顺县、海盐县,温州市、常山县、诸暨市、长兴县,嘉兴市、宁海县、平阳县、桐庐县,湖州市、缙云县、苍南县、淳安县,绍兴市、浦江县、天台县、建德市,金华市、乐清市、嵊州市、安吉县,衢州市、磐安县、瑞安市、三门县,舟山市、青田县、永嘉县、海宁市,台州市、慈溪市、龙游县、平湖市,丽水市、武义县、江山市、温岭市,遂昌县、余姚市、新昌县、嘉善县,松阳县、永康市、龙港市、仙居县,龙泉市、兰溪市、嵊泗县、玉环市,云和县、东阳市、开化县、桐乡市,庆元县、象山县、文成县、德清县
P0052,S0643,0.577159403901,0,0.000000000000,0.000000000000,4.000000000000,548.178143633789,79.338294110708,0.177811633638,850.528010161844,0.651243620995,0.471889595682,0.290609470992,185.870092767169,3.562500000000,杭州市、永康市、海盐县、龙游县,宁波市、温岭市、苍南县、遂昌县,温州市、磐安县、慈溪市、青田县,嘉兴市、东阳市、淳安县、景宁畲族自治县,湖州市、仙居县、平阳县、余姚市,绍兴市、德清县、文成县、云和县,金华市、天台县、嘉善县、松阳县,衢州市、长兴县、泰顺县、缙云县,舟山市、义乌市、永嘉县、宁海县,台州市、兰溪市、建德市、常山县,丽水市、武义县、平湖市、开化县,岱山县、临海市、桐乡市、庆元县,嵊州市、安吉县、乐清市、江山市,诸暨市、三门县、海宁市、象山县,新昌县、玉环市、龙港市、龙泉市,嵊泗县、浦江县、桐庐县、瑞安市
P0053,S0897,0.576539579202,0,0.000000000000,0.000000000000,4.000000000000,590.767296661525,83.963021012798,0.162734738065,869.437694060804,0.680230150967,0.481116422941,0.358179576403,174.101966769503,3.437500000000,杭州市、龙泉市、平阳县、岱山县,宁波市、松阳县、东阳市、常山县,温州市、桐乡市、淳安县、德清县,嘉兴市、青田县、慈溪市、江山市,湖州市、新昌县、义乌市、开化县,绍兴市、海盐县、磐安县、瑞安市,金华市、景宁畲族自治县、永嘉县、桐庐县,衢州市、遂昌县、浦江县、建德市,舟山市、诸暨市、宁海县、文成县,台州市、嵊州市、象山县、长兴县,丽水市、临海市、永康市、安吉县,玉环市、云和县、嘉善县、乐清市,三门县、庆元县、武义县、龙港市,温岭市、平湖市、余姚市、苍南县,仙居县、缙云县、兰溪市、龙游县,天台县、海宁市、泰顺县、嵊泗县
P0054,S1050,0.575771178917,0,0.000000000000,0.000000000000,4.000000000000,641.097799434420,91.498555929248,0.179522475320,877.927977973554,0.696345802981,0.484705341330,0.335158898879,179.202341578894,3.312500000000,杭州市、文成县、嘉善县、德清县,宁波市、泰顺县、平湖市、长兴县,温州市、景宁畲族自治县、龙游县、永康市,嘉兴市、慈溪市、瑞安市、建德市,湖州市、云和县、江山市、义乌市,绍兴市、宁海县、常山县、磐安县,金华市、庆元县、海盐县、嵊州市,衢州市、象山县、淳安县、武义县,舟山市、缙云县、桐乡市、浦江县,台州市、青田县、龙港市、东阳市,丽水市、玉环市、开化县、嵊泗县,温岭市、遂昌县、平阳县、岱山县,仙居县、乐清市、桐庐县、新昌县,三门县、余姚市、苍南县、兰溪市,天台县、龙泉市、海宁市、安吉县,临海市、松阳县、永嘉县、诸暨市
P0055,S0851,0.575365449648,0,0.000000000000,0.000000000000,4.000000000000,704.454640715859,100.989110203144,0.182332877535,852.723305392865,0.564963984129,0.416130300726,0.307718662145,185.472044943799,3.562500000000,杭州市、松阳县、乐清市、开化县,宁波市、遂昌县、永康市、龙游县,温州市、仙居县、义乌市、常山县,嘉兴市、象山县、新昌县、磐安县,湖州市、宁海县、瑞安市、嘉善县,绍兴市、天台县、苍南县、浦江县,金华市、温岭市、嵊州市、海宁市,衢州市、淳安县、诸暨市、嵊泗县,舟山市、三门县、龙港市、平湖市,台州市、青田县、长兴县、江山市,丽水市、临海市、德清县、海盐县,景宁畲族自治县、玉环市、安吉县、兰溪市,龙泉市、建德市、文成县、东阳市,庆元县、余姚市、泰顺县、武义县,云和县、桐庐县、平阳县、岱山县,缙云县、慈溪市、永嘉县、桐乡市
P0056,S0336,0.575213611375,0,0.000000000000,0.000000000000,4.000000000000,575.625251867431,92.701255797694,0.170996415269,863.104638765247,0.629857138922,0.450370976796,0.329548175694,181.718753155434,3.437500000000,杭州市、桐乡市、泰顺县、龙游县,宁波市、兰溪市、平阳县、常山县,温州市、义乌市、遂昌县、长兴县,嘉兴市、磐安县、景宁畲族自治县、诸暨市,湖州市、永康市、慈溪市、建德市,绍兴市、东阳市、文成县、江山市,金华市、嘉善县、余姚市、新昌县,衢州市、天台县、瑞安市、安吉县,舟山市、海宁市、庆元县、嵊州市,台州市、云和县、岱山县、开化县,丽水市、浦江县、象山县、永嘉县,玉环市、平湖市、缙云县、苍南县,三门县、海盐县、宁海县、德清县,临海市、武义县、松阳县、桐庐县,仙居县、青田县、嵊泗县、龙港市,温岭市、龙泉市、乐清市、淳安县
P0057,S1272,0.574953980950,0,0.000000000000,0.000000000000,4.000000000000,632.868745401370,87.864856947992,0.165629336248,855.850178895933,0.615661273001,0.436080113021,0.337372748709,178.752601569475,3.500000000000,杭州市、海盐县、浦江县、德清县,宁波市、龙港市、温岭市、松阳县,温州市、诸暨市、东阳市、庆元县,嘉兴市、乐清市、兰溪市、缙云县,湖州市、泰顺县、磐安县、岱山县,绍兴市、余姚市、三门县、嵊泗县,金华市、宁海县、临海市、长兴县,衢州市、嘉善县、武义县、青田县,舟山市、象山县、天台县、安吉县,台州市、慈溪市、常山县、龙泉市,丽水市、桐乡市、嵊州市、开化县,桐庐县、瑞安市、义乌市、江山市,建德市、苍南县、仙居县、云和县,淳安县、平阳县、永康市、遂昌县,海宁市、文成县、新昌县、龙游县,平湖市、永嘉县、玉环市、景宁畲族自治县
P0058,S1173,0.574826411962,0,0.000000000000,0.000000000000,4.000000000000,521.574290632077,76.264002991902,0.170900624330,858.773338130378,0.617772223663,0.425953212847,0.312145706426,191.052212131102,3.687500000000,杭州市、海盐县、安吉县、遂昌县,宁波市、龙港市、长兴县、青田县,温州市、平湖市、岱山县、诸暨市,嘉兴市、泰顺县、江山市、松阳县,湖州市、仙居县、平阳县、宁海县,绍兴市、桐乡市、常山县、缙云县,金华市、嘉善县、乐清市、云和县,衢州市、天台县、桐庐县、余姚市,舟山市、临海市、开化县、庆元县,台州市、东阳市、德清县、龙泉市,丽水市、磐安县、苍南县、嵊州市,武义县、温岭市、龙游县、新昌县,永康市、三门县、永嘉县、慈溪市,兰溪市、瑞安市、淳安县、嵊泗县,义乌市、海宁市、文成县、景宁畲族自治县,浦江县、玉环市、建德市、象山县
P0059,S0204,0.574704143425,0,0.000000000000,0.000000000000,4.000000000000,681.308413157796,88.140863255829,0.176210542047,838.505844482991,0.574093916835,0.393656675462,0.315920893102,180.156362281129,3.375000000000,杭州市、松阳县、新昌县、常山县,宁波市、遂昌县、嵊州市、三门县,温州市、岱山县、兰溪市、仙居县,嘉兴市、永嘉县、嵊泗县、天台县,湖州市、云和县、武义县、桐乡市,绍兴市、景宁畲族自治县、平阳县、长兴县,金华市、青田县、德清县、平湖市,衢州市、余姚市、浦江县、海盐县,舟山市、慈溪市、苍南县、临海市,台州市、庆元县、安吉县、江山市,丽水市、瑞安市、义乌市、温岭市,建德市、泰顺县、永康市、开化县,淳安县、文成县、诸暨市、嘉善县,宁海县、缙云县、龙港市、海宁市,象山县、乐清市、东阳市、玉环市,桐庐县、龙泉市、磐安县、龙游县
P0060,S1444,0.574442621004,0,0.000000000000,0.000000000000,4.000000000000,597.973482718813,89.823783455664,0.174672360525,861.921847479271,0.592524600892,0.465387735011,0.342554492942,185.557133433479,3.625000000000,杭州市、东阳市、青田县、岱山县,宁波市、三门县、瑞安市、安吉县,温州市、义乌市、桐乡市、慈溪市,嘉兴市、永康市、龙泉市、嵊泗县,湖州市、磐安县、平阳县、龙游县,绍兴市、兰溪市、苍南县、常山县,金华市、新昌县、海宁市、云和县,衢州市、仙居县、平湖市、余姚市,舟山市、文成县、嘉善县、庆元县,台州市、诸暨市、海盐县、象山县,丽水市、温岭市、乐清市、德清县,淳安县、玉环市、永嘉县、遂昌县,桐庐县、武义县、松阳县、江山市,建德市、龙港市、景宁畲族自治县、开化县,临海市、浦江县、缙云县、长兴县,天台县、嵊州市、泰顺县、宁海县
P0061,S0989,0.574415036894,0,0.000000000000,0.000000000000,4.000000000000,424.286815869630,69.409520519037,0.156303101247,868.991204848446,0.661346635506,0.450882530568,0.341678099245,184.926551525557,3.562500000000,杭州市、东阳市、文成县、开化县,宁波市、青田县、泰顺县、岱山县,温州市、龙泉市、海盐县、嵊泗县,嘉兴市、临海市、乐清市、嵊州市,湖州市、庆元县、磐安县、江山市,绍兴市、武义县、龙港市、龙游县,金华市、云和县、嘉善县、余姚市,衢州市、永康市、永嘉县、宁海县,舟山市、淳安县、义乌市、安吉县,台州市、桐庐县、瑞安市、象山县,丽水市、建德市、平阳县、长兴县,天台县、缙云县、桐乡市、常山县,玉环市、遂昌县、苍南县、新昌县,仙居县、景宁畲族自治县、浦江县、诸暨市,三门县、松阳县、平湖市、慈溪市,温岭市、兰溪市、海宁市、德清县
P0062,S0523,0.572975455234,0,0.000000000000,0.000000000000,4.000000000000,522.631917684987,95.140833612526,0.188199242683,885.401559334196,0.722332207230,0.482484519551,0.399414991183,180.322251724467,3.375000000000,杭州市、诸暨市、岱山县、余姚市,宁波市、临海市、遂昌县、江山市,温州市、嵊泗县、景宁畲族自治县、开化县,嘉兴市、淳安县、瑞安市、长兴县,湖州市、东阳市、缙云县、常山县,绍兴市、永康市、云和县、平湖市,金华市、新昌县、平阳县、安吉县,衢州市、义乌市、龙港市、桐乡市,舟山市、武义县、庆元县、象山县,台州市、建德市、乐清市、龙游县,丽水市、文成县、海宁市、德清县,三门县、桐庐县、永嘉县、宁海县,仙居县、嵊州市、青田县、海盐县,天台县、兰溪市、苍南县、龙泉市,温岭市、浦江县、泰顺县、慈溪市,玉环市、磐安县、松阳县、嘉善县
P0063,S0928,0.572700690594,0,0.000000000000,0.000000000000,4.000000000000,655.317736118950,88.030563640955,0.170835404836,884.764403132619,0.670108250650,0.503461856642,0.365797736963,181.163984351624,3.625000000000,杭州市、平阳县、江山市、新昌县,宁波市、松阳县、苍南县、三门县,温州市、象山县、磐安县、岱山县,嘉兴市、桐庐县、泰顺县、浦江县,湖州市、龙港市、常山县、永康市,绍兴市、遂昌县、龙游县、德清县,金华市、缙云县、玉环市、安吉县,衢州市、景宁畲族自治县、东阳市、嵊州市,舟山市、文成县、义乌市、长兴县,台州市、淳安县、瑞安市、嵊泗县,丽水市、永嘉县、兰溪市、天台县,海宁市、龙泉市、乐清市、诸暨市,海盐县、云和县、开化县、武义县,平湖市、青田县、余姚市、温岭市,桐乡市、庆元县、宁海县、临海市,嘉善县、建德市、慈溪市、仙居县
P0064,S1822,0.571970863444,0,0.000000000000,0.000000000000,4.000000000000,588.955059381465,85.740368011672,0.153001674344,860.263217411419,0.658185236942,0.475243440523,0.304109316677,175.379757288676,3.500000000000,杭州市、仙居县、泰顺县、慈溪市,宁波市、天台县、文成县、长兴县,温州市、嵊州市、永康市、德清县,嘉兴市、松阳县、乐清市、东阳市,湖州市、岱山县、平湖市、余姚市,绍兴市、青田县、桐乡市、龙游县,金华市、临海市、海盐县、象山县,衢州市、遂昌县、嘉善县、磐安县,舟山市、玉环市、苍南县、常山县,台州市、诸暨市、浦江县、开化县,丽水市、温岭市、平阳县、武义县,缙云县、建德市、龙港市、江山市,龙泉市、桐庐县、永嘉县、义乌市,云和县、嵊泗县、海宁市、兰溪市,景宁畲族自治县、三门县、瑞安市、宁海县,庆元县、新昌县、淳安县、安吉县
P0065,S0008,0.571934376109,0,0.000000000000,0.000000000000,4.000000000000,519.254929471720,80.310105920054,0.155807299229,842.773112192308,0.603697810748,0.440000734142,0.278696564382,182.105867249452,3.562500000000,杭州市、云和县、诸暨市、江山市,宁波市、景宁畲族自治县、东阳市、临海市,温州市、海盐县、嵊州市、玉环市,嘉兴市、缙云县、瑞安市、开化县,湖州市、青田县、永嘉县、天台县,绍兴市、泰顺县、永康市、宁海县,金华市、遂昌县、龙港市、慈溪市,衢州市、平阳县、三门县、余姚市,舟山市、平湖市、乐清市、长兴县,台州市、龙泉市、武义县、象山县,丽水市、文成县、浦江县、德清县,海宁市、嵊泗县、苍南县、常山县,桐庐县、松阳县、磐安县、仙居县,建德市、桐乡市、新昌县、安吉县,淳安县、岱山县、义乌市、温岭市,嘉善县、庆元县、兰溪市、龙游县
P0066,S0869,0.571335897971,0,0.000000000000,0.000000000000,4.000000000000,587.288807543668,78.461044095722,0.164577048452,837.897961385370,0.635346588921,0.440184876024,0.280548262260,179.244449101459,3.437500000000,杭州市、义乌市、长兴县、龙港市,宁波市、常山县、云和县、泰顺县,温州市、龙游县、松阳县、建德市,嘉兴市、临海市、龙泉市、乐清市,湖州市、开化县、天台县、桐庐县,绍兴市、武义县、青田县、文成县,金华市、仙居县、遂昌县、象山县,衢州市、磐安县、玉环市、永嘉县,舟山市、兰溪市、缙云县、诸暨市,台州市、景宁畲族自治县、德清县、瑞安市,丽水市、东阳市、苍南县、新昌县,嘉善县、岱山县、平阳县、淳安县,海宁市、江山市、安吉县、嵊州市,海盐县、嵊泗县、三门县、余姚市,平湖市、永康市、庆元县、宁海县,桐乡市、浦江县、温岭市、慈溪市
P0067,S0979,0.571034134404,0,0.000000000000,0.000000000000,4.000000000000,427.174597358437,76.977733664225,0.158715091174,841.485881436192,0.592510291338,0.389513745002,0.293694529841,185.945534697244,3.437500000000,杭州市、临海市、苍南县、云和县,宁波市、江山市、东阳市、庆元县,温州市、海盐县、诸暨市、岱山县,嘉兴市、开化县、浦江县、松阳县,湖州市、常山县、泰顺县、淳安县,绍兴市、温岭市、永康市、缙云县,金华市、海宁市、乐清市、遂昌县,衢州市、平湖市、龙港市、建德市,舟山市、桐乡市、瑞安市、桐庐县,台州市、嘉善县、文成县、景宁畲族自治县,丽水市、磐安县、新昌县、长兴县,象山县、龙游县、义乌市、龙泉市,宁海县、仙居县、平阳县、安吉县,余姚市、玉环市、嵊州市、青田县,天台县、武义县、永嘉县、嵊泗县,慈溪市、三门县、兰溪市、德清县
P0068,S1850,0.570155206034,0,0.000000000000,0.000000000000,4.000000000000,709.824553779345,93.071834403735,0.176025787841,862.994539918724,0.599799499000,0.442141710199,0.339657392763,182.161038219870,3.437500000000,杭州市、三门县、云和县、开化县,宁波市、浦江县、岱山县、龙泉市,温州市、兰溪市、庆元县、龙游县,嘉兴市、临海市、武义县、遂昌县,湖州市、东阳市、海宁市、慈溪市,绍兴市、平阳县、嘉善县、象山县,金华市、嵊州市、平湖市、宁海县,衢州市、仙居县、海盐县、青田县,舟山市、天台县、景宁畲族自治县、淳安县,台州市、苍南县、诸暨市、德清县,丽水市、泰顺县、建德市、长兴县,龙港市、玉环市、桐乡市、桐庐县,乐清市、磐安县、嵊泗县、常山县,瑞安市、温岭市、松阳县、余姚市,文成县、永康市、缙云县、江山市,永嘉县、义乌市、新昌县、安吉县
P0069,S1038,0.569859906608,0,0.000000000000,0.000000000000,4.000000000000,643.544164657692,95.374602355829,0.165292738361,875.625975316084,0.688012308288,0.475005741206,0.373400238838,170.417729079817,3.312500000000,杭州市、江山市、平湖市、嵊州市,宁波市、开化县、松阳县、岱山县,温州市、三门县、景宁畲族自治县、浦江县,嘉兴市、苍南县、义乌市、诸暨市,湖州市、龙泉市、桐乡市、新昌县,绍兴市、龙游县、海盐县、余姚市,金华市、仙居县、建德市、长兴县,衢州市、遂昌县、海宁市、慈溪市,舟山市、天台县、嘉善县、象山县,台州市、龙港市、缙云县、淳安县,丽水市、泰顺县、武义县、桐庐县,永嘉县、温岭市、云和县、嵊泗县,瑞安市、常山县、永康市、安吉县,平阳县、青田县、兰溪市、德清县,乐清市、玉环市、庆元县、东阳市,文成县、临海市、磐安县、宁海县
P0070,S1708,0.569739224429,0,0.000000000000,0.000000000000,4.000000000000,668.886887033736,106.331685360305,0.182462667765,898.086002299168,0.683631189035,0.491375776008,0.386903592479,179.031553931665,3.375000000000,杭州市、平阳县、兰溪市、仙居县,宁波市、平湖市、永康市、长兴县,温州市、云和县、嵊州市、临海市,嘉兴市、永嘉县、义乌市、德清县,湖州市、苍南县、江山市、新昌县,绍兴市、庆元县、磐安县、三门县,金华市、遂昌县、淳安县、岱山县,衢州市、缙云县、诸暨市、温岭市,舟山市、嘉善县、建德市、慈溪市,台州市、桐乡市、武义县、余姚市,丽水市、海宁市、桐庐县、象山县,泰顺县、景宁畲族自治县、开化县、宁海县,瑞安市、龙泉市、浦江县、嵊泗县,文成县、海盐县、东阳市、安吉县,龙港市、青田县、常山县、天台县,乐清市、松阳县、龙游县、玉环市
P0071,S1144,0.569359836477,0,0.000000000000,0.000000000000,4.000000000000,687.697183331894,85.625814616125,0.203046438060,854.291067523629,0.656646516066,0.481736485263,0.301868952082,191.391739407502,3.687500000000,杭州市、云和县、海盐县、文成县,宁波市、青田县、玉环市、长兴县,温州市、磐安县、嘉善县、建德市,嘉兴市、义乌市、三门县、诸暨市,湖州市、遂昌县、永嘉县、岱山县,绍兴市、庆元县、海宁市、乐清市,金华市、龙游县、天台县、平阳县,衢州市、景宁畲族自治县、温岭市、淳安县,舟山市、武义县、开化县、龙港市,台州市、松阳县、瑞安市、嵊州市,丽水市、永康市、临海市、嵊泗县,余姚市、浦江县、泰顺县、桐庐县,龙泉市、兰溪市、仙居县、新昌县,慈溪市、东阳市、江山市、安吉县,象山县、缙云县、平湖市、苍南县,宁海县、常山县、桐乡市、德清县
P0072,S0915,0.567747966753,0,0.000000000000,0.000000000000,4.000000000000,752.115299764805,105.403894619958,0.185243106030,844.323255592261,0.583873174075,0.411146205027,0.314323147157,181.306982456823,3.500000000000,杭州市、永嘉县、青田县、天台县,宁波市、泰顺县、龙泉市、嵊泗县,温州市、龙游县、遂昌县、长兴县,嘉兴市、乐清市、松阳县、嵊州市,湖州市、兰溪市、海盐县、桐庐县,绍兴市、磐安县、开化县、三门县,金华市、文成县、桐乡市、安吉县,衢州市、瑞安市、云和县、新昌县,舟山市、平阳县、平湖市、温岭市,台州市、东阳市、江山市、岱山县,丽水市、浦江县、德清县、诸暨市,象山县、武义县、嘉善县、玉环市,慈溪市、义乌市、海宁市、建德市,余姚市、常山县、缙云县、仙居县,宁海县、龙港市、景宁畲族自治县、临海市,永康市、苍南县、庆元县、淳安县
P0073,S1034,0.567505764910,0,0.000000000000,0.000000000000,4.000000000000,697.384683598519,83.691281505544,0.178585203915,877.803294895151,0.683302526566,0.494082040336,0.338240921948,181.002633556345,3.312500000000,杭州市、平阳县、临海市、长兴县,宁波市、文成县、玉环市、景宁畲族自治县,温州市、义乌市、嘉善县、遂昌县,嘉兴市、浦江县、诸暨市、缙云县,湖州市、象山县、海盐县、松阳县,绍兴市、宁海县、桐乡市、建德市,金华市、苍南县、仙居县、龙泉市,衢州市、东阳市、三门县、桐庐县,舟山市、武义县、泰顺县、云和县,台州市、慈溪市、永嘉县、德清县,丽水市、龙港市、嵊州市、岱山县,龙游县、瑞安市、海宁市、淳安县,江山市、乐清市、平湖市、庆元县,开化县、磐安县、新昌县、嵊泗县,常山县、兰溪市、天台县、青田县,余姚市、永康市、温岭市、安吉县
P0074,S0592,0.567414071681,0,0.000000000000,0.000000000000,4.000000000000,669.439870587597,97.599550878677,0.169783755276,856.469686100254,0.592778701998,0.440175194605,0.321414000659,178.851922399764,3.312500000000,杭州市、遂昌县、武义县、常山县,宁波市、青田县、磐安县、诸暨市,温州市、仙居县、嵊州市、海盐县,嘉兴市、永康市、嵊泗县、长兴县,湖州市、庆元县、岱山县、海宁市,绍兴市、松阳县、龙港市、江山市,金华市、缙云县、苍南县、平湖市,衢州市、天台县、平阳县、德清县,舟山市、三门县、宁海县、龙游县,台州市、兰溪市、慈溪市、新昌县,丽水市、临海市、义乌市、永嘉县,淳安县、景宁畲族自治县、文成县、开化县,龙泉市、东阳市、象山县、泰顺县,建德市、玉环市、余姚市、嘉善县,桐庐县、温岭市、瑞安市、安吉县,云和县、浦江县、乐清市、桐乡市
P0075,S1340,0.567136617503,0,0.000000000000,0.000000000000,4.000000000000,646.491816705431,90.385803927534,0.166304166137,851.888896547511,0.605077631528,0.448854696876,0.295441774299,180.489706071944,3.375000000000,杭州市、长兴县、武义县、青田县,宁波市、平湖市、兰溪市、仙居县,温州市、桐乡市、松阳县、临海市,嘉兴市、永康市、慈溪市、诸暨市,湖州市、海盐县、象山县、温岭市,绍兴市、东阳市、苍南县、天台县,金华市、开化县、乐清市、三门县,衢州市、德清县、永嘉县、玉环市,舟山市、海宁市、瑞安市、缙云县,台州市、嘉善县、泰顺县、景宁畲族自治县,丽水市、义乌市、宁海县、新昌县,常山县、桐庐县、龙港市、龙泉市,嵊泗县、磐安县、平阳县、遂昌县,岱山县、建德市、余姚市、云和县,江山市、淳安县、浦江县、嵊州市,龙游县、安吉县、文成县、庆元县
P0076,S1083,0.566719414570,0,0.000000000000,0.000000000000,4.000000000000,648.924784284896,90.950061677597,0.197037896596,844.672815416604,0.677556171959,0.427108893823,0.323772185685,182.397996936815,3.312500000000,杭州市、义乌市、德清县、开化县,宁波市、遂昌县、长兴县、建德市,温州市、海宁市、景宁畲族自治县、常山县,嘉兴市、永康市、平阳县、江山市,湖州市、嘉善县、龙港市、象山县,绍兴市、浦江县、庆元县、嵊泗县,金华市、三门县、泰顺县、龙游县,衢州市、云和县、文成县、慈溪市,舟山市、桐乡市、缙云县、余姚市,台州市、兰溪市、松阳县、诸暨市,丽水市、武义县、永嘉县、嵊州市,温岭市、海盐县、瑞安市、桐庐县,天台县、东阳市、苍南县、岱山县,玉环市、平湖市、龙泉市、淳安县,临海市、青田县、安吉县、宁海县,仙居县、磐安县、乐清市、新昌县
P0077,S1421,0.566676237984,0,0.000000000000,0.000000000000,4.000000000000,475.129702539207,78.792324144694,0.166329131936,836.214176029458,0.599557425088,0.420604414797,0.275346296746,188.159515996575,3.562500000000,杭州市、江山市、松阳县、诸暨市,宁波市、龙港市、磐安县、长兴县,温州市、义乌市、青田县、三门县,嘉兴市、乐清市、遂昌县、德清县,湖州市、岱山县、龙泉市、桐乡市,绍兴市、瑞安市、永康市、玉环市,金华市、开化县、平阳县、仙居县,衢州市、苍南县、云和县、安吉县,舟山市、永嘉县、景宁畲族自治县、平湖市,台州市、龙游县、新昌县、海宁市,丽水市、嵊泗县、东阳市、温岭市,桐庐县、余姚市、缙云县、嵊州市,慈溪市、文成县、庆元县、海盐县,淳安县、象山县、武义县、天台县,建德市、泰顺县、兰溪市、临海市,宁海县、常山县、浦江县、嘉善县
P0078,S0064,0.566502826517,0,0.000000000000,0.000000000000,4.000000000000,606.543521599951,98.635669989870,0.182794702550,838.586850225409,0.567191676454,0.390096198295,0.303732385715,187.986545499114,3.562500000000,杭州市、苍南县、青田县、龙游县,宁波市、乐清市、缙云县、安吉县,温州市、龙泉市、永康市、江山市,嘉兴市、平阳县、岱山县、德清县,湖州市、天台县、磐安县、开化县,绍兴市、温岭市、东阳市、常山县,金华市、嵊州市、嵊泗县、长兴县,衢州市、玉环市、义乌市、桐乡市,舟山市、瑞安市、庆元县、宁海县,台州市、新昌县、景宁畲族自治县、象山县,丽水市、龙港市、兰溪市、余姚市,临海市、泰顺县、遂昌县、平湖市,建德市、文成县、松阳县、慈溪市,桐庐县、仙居县、云和县、海盐县,三门县、诸暨市、浦江县、嘉善县,淳安县、永嘉县、武义县、海宁市
P0079,S1469,0.566473459723,0,0.000000000000,0.000000000000,4.000000000000,642.905775477317,89.559353074351,0.175997780080,866.036060719907,0.670461080220,0.465215447645,0.357278840763,178.735822530814,3.375000000000,杭州市、临海市、海盐县、象山县,宁波市、温岭市、嵊泗县、嵊州市,温州市、海宁市、磐安县、德清县,嘉兴市、景宁畲族自治县、岱山县、长兴县,湖州市、云和县、永康市、新昌县,绍兴市、仙居县、兰溪市、安吉县,金华市、龙泉市、苍南县、淳安县,衢州市、缙云县、东阳市、宁海县,舟山市、庆元县、文成县、桐庐县,台州市、青田县、义乌市、泰顺县,丽水市、平湖市、乐清市、诸暨市,龙游县、松阳县、浦江县、余姚市,开化县、三门县、嘉善县、永嘉县,玉环市、遂昌县、龙港市、慈溪市,常山县、桐乡市、瑞安市、建德市,江山市、天台县、武义县、平阳县
P0080,S1305,0.566064261198,0,0.000000000000,0.000000000000,4.000000000000,672.905798252048,98.138190427198,0.181672664773,868.272899881275,0.655094379149,0.430249847344,0.348085845515,182.076271540812,3.375000000000,杭州市、仙居县、浦江县、德清县,宁波市、苍南县、青田县、嵊州市,温州市、临海市、义乌市、常山县,嘉兴市、松阳县、宁海县、岱山县,湖州市、永嘉县、永康市、桐庐县,绍兴市、龙港市、兰溪市、嵊泗县,金华市、瑞安市、庆元县、龙游县,衢州市、三门县、缙云县、长兴县,舟山市、玉环市、慈溪市、建德市,台州市、泰顺县、东阳市、开化县,丽水市、乐清市、武义县、诸暨市,桐乡市、天台县、遂昌县、江山市,平湖市、文成县、余姚市、淳安县,嘉善县、云和县、磐安县、新昌县,海盐县、平阳县、景宁畲族自治县、象山县,海宁市、温岭市、龙泉市、安吉县
P0081,S0633,0.565127837764,0,0.000000000000,0.000000000000,4.000000000000,733.126304121465,84.266012830610,0.189016951394,879.035639968086,0.704583513168,0.499785360282,0.375916999291,182.578478343088,3.562500000000,杭州市、青田县、文成县、江山市,宁波市、岱山县、建德市、三门县,温州市、庆元县、慈溪市、仙居县,嘉兴市、永嘉县、宁海县、玉环市,湖州市、嵊泗县、义乌市、嵊州市,绍兴市、泰顺县、长兴县、武义县,金华市、海盐县、象山县、常山县,衢州市、龙泉市、东阳市、温岭市,舟山市、嘉善县、乐清市、开化县,台州市、龙港市、永康市、龙游县,丽水市、海宁市、安吉县、诸暨市,松阳县、瑞安市、淳安县、浦江县,遂昌县、平湖市、桐庐县、临海市,景宁畲族自治县、平阳县、余姚市、磐安县,缙云县、苍南县、德清县、新昌县,云和县、桐乡市、兰溪市、天台县
P0082,S1857,0.565045055462,0,0.000000000000,0.000000000000,4.000000000000,664.024378620464,91.700349484597,0.187497129740,872.681586049467,0.724394591074,0.489035026268,0.329168639088,186.651627054174,3.812500000000,杭州市、平阳县、浦江县、江山市,宁波市、临海市、建德市、平湖市,温州市、兰溪市、龙泉市、开化县,嘉兴市、永嘉县、永康市、慈溪市,湖州市、温岭市、景宁畲族自治县、象山县,绍兴市、苍南县、义乌市、海盐县,金华市、泰顺县、遂昌县、长兴县,衢州市、玉环市、青田县、宁海县,舟山市、文成县、东阳市、桐乡市,台州市、龙港市、武义县、余姚市,丽水市、岱山县、桐庐县、常山县,嵊州市、仙居县、缙云县、海宁市,诸暨市、乐清市、松阳县、德清县,天台县、磐安县、云和县、龙游县,三门县、嵊泗县、庆元县、嘉善县,新昌县、瑞安市、淳安县、安吉县
P0083,S0018,0.564638953455,0,0.000000000000,0.000000000000,4.000000000000,514.466305513545,72.727236747148,0.154784729109,861.114455448239,0.666606161288,0.451777028343,0.332651435174,180.476454913268,3.437500000000,杭州市、长兴县、松阳县、海盐县,宁波市、嵊泗县、平阳县、临海市,温州市、慈溪市、云和县、江山市,嘉兴市、东阳市、龙港市、温岭市,湖州市、宁海县、泰顺县、开化县,绍兴市、义乌市、文成县、淳安县,金华市、象山县、庆元县、龙游县,衢州市、浦江县、缙云县、建德市,舟山市、景宁畲族自治县、苍南县、三门县,台州市、余姚市、平湖市、常山县,丽水市、乐清市、嘉善县、玉环市,嵊州市、永康市、龙泉市、天台县,诸暨市、磐安县、青田县、桐乡市,德清县、岱山县、瑞安市、海宁市,安吉县、武义县、永嘉县、桐庐县,新昌县、兰溪市、遂昌县、仙居县
P0084,S1777,0.564575743681,0,0.000000000000,0.000000000000,4.000000000000,557.973790024143,75.395668642350,0.171108020938,856.868012166275,0.646765624081,0.435515884167,0.335304646667,187.988283377134,3.625000000000,杭州市、浦江县、临海市、海盐县,宁波市、武义县、景宁畲族自治县、长兴县,温州市、兰溪市、三门县、嵊州市,嘉兴市、泰顺县、遂昌县、常山县,湖州市、仙居县、庆元县、诸暨市,绍兴市、东阳市、龙泉市、桐庐县,金华市、玉环市、开化县、桐乡市,衢州市、龙港市、安吉县、岱山县,舟山市、象山县、温岭市、嘉善县,台州市、平阳县、云和县、嵊泗县,丽水市、余姚市、龙游县、淳安县,文成县、宁海县、江山市、建德市,乐清市、义乌市、缙云县、平湖市,永嘉县、永康市、青田县、德清县,瑞安市、磐安县、天台县、海宁市,苍南县、慈溪市、松阳县、新昌县
P0085,S1102,0.564442683646,0,0.000000000000,0.000000000000,4.000000000000,543.206619917720,84.190724293891,0.171146944885,857.293595161823,0.628776245670,0.443651545657,0.312410915857,188.508737647023,3.562500000000,杭州市、景宁畲族自治县、泰顺县、常山县,宁波市、苍南县、玉环市、长兴县,温州市、临海市、余姚市、德清县,嘉兴市、乐清市、兰溪市、新昌县,湖州市、龙泉市、义乌市、江山市,绍兴市、文成县、磐安县、龙游县,金华市、松阳县、三门县、安吉县,衢州市、庆元县、慈溪市、嵊州市,舟山市、平阳县、温岭市、东阳市,台州市、嵊泗县、象山县、开化县,丽水市、瑞安市、永康市、淳安县,海盐县、缙云县、仙居县、武义县,平湖市、遂昌县、宁海县、建德市,嘉善县、青田县、永嘉县、诸暨市,海宁市、云和县、龙港市、浦江县,桐乡市、岱山县、天台县、桐庐县
P0086,S1752,0.564052128657,0,0.000000000000,0.000000000000,4.000000000000,642.139975280087,83.993770817506,0.163109487039,868.022721339699,0.647939848187,0.458170772656,0.331594151498,179.325041513841,3.312500000000,杭州市、长兴县、乐清市、开化县,宁波市、永康市、永嘉县、龙游县,温州市、兰溪市、遂昌县、天台县,嘉兴市、淳安县、景宁畲族自治县、临海市,湖州市、苍南县、松阳县、玉环市,绍兴市、武义县、宁海县、海盐县,金华市、泰顺县、云和县、岱山县,衢州市、建德市、瑞安市、桐乡市,舟山市、平阳县、青田县、仙居县,台州市、龙港市、嘉善县、嵊泗县,丽水市、义乌市、慈溪市、海宁市,安吉县、浦江县、龙泉市、常山县,嵊州市、磐安县、象山县、温岭市,德清县、东阳市、缙云县、平湖市,新昌县、文成县、庆元县、江山市,诸暨市、桐庐县、余姚市、三门县
P0087,S1280,0.563705785439,0,0.000000000000,0.000000000000,4.000000000000,675.383849891931,91.398744380415,0.161661728981,858.928234157208,0.597913679910,0.442769656485,0.325920655743,179.566662037919,3.437500000000,杭州市、文成县、嘉善县、安吉县,宁波市、开化县、临海市、庆元县,温州市、江山市、青田县、新昌县,嘉兴市、永嘉县、玉环市、缙云县,湖州市、泰顺县、海盐县、余姚市,绍兴市、义乌市、仙居县、宁海县,金华市、瑞安市、温岭市、长兴县,衢州市、岱山县、海宁市、象山县,舟山市、苍南县、桐乡市、德清县,台州市、武义县、松阳县、嵊州市,丽水市、乐清市、天台县、慈溪市,磐安县、龙游县、云和县、桐庐县,兰溪市、平阳县、遂昌县、诸暨市,东阳市、常山县、龙泉市、建德市,浦江县、龙港市、平湖市、景宁畲族自治县,永康市、嵊泗县、三门县、淳安县
P0088,S0493,0.563331948032,0,0.000000000000,0.000000000000,4.000000000000,727.495525945848,100.579200428888,0.175950736681,847.184959373996,0.607702256332,0.417971015453,0.309939510906,177.956526217087,3.312500000000,杭州市、文成县、嘉善县、常山县,宁波市、平阳县、临海市、安吉县,温州市、玉环市、永康市、庆元县,嘉兴市、永嘉县、景宁畲族自治县、开化县,湖州市、温岭市、云和县、龙游县,绍兴市、余姚市、青田县、岱山县,金华市、仙居县、龙泉市、嵊州市,衢州市、天台县、东阳市、缙云县,舟山市、慈溪市、平湖市、诸暨市,台州市、浦江县、海宁市、松阳县,丽水市、瑞安市、磐安县、新昌县,桐庐县、乐清市、桐乡市、嵊泗县,龙港市、宁海县、兰溪市、遂昌县,建德市、泰顺县、海盐县、长兴县,苍南县、三门县、义乌市、德清县,淳安县、象山县、武义县、江山市
P0089,S0705,0.563157362303,0,0.000000000000,0.000000000000,4.000000000000,573.995306048771,91.411342126683,0.170458479676,855.866343185295,0.625587339900,0.447449036350,0.321968391411,185.134962248631,3.562500000000,杭州市、义乌市、苍南县、遂昌县,宁波市、磐安县、龙港市、云和县,温州市、浦江县、长兴县、象山县,嘉兴市、嵊泗县、桐庐县、青田县,湖州市、三门县、平阳县、松阳县,绍兴市、海盐县、龙游县、庆元县,金华市、安吉县、常山县、缙云县,衢州市、嘉善县、永嘉县、龙泉市,舟山市、平湖市、建德市、开化县,台州市、兰溪市、文成县、诸暨市,丽水市、东阳市、瑞安市、新昌县,临海市、桐乡市、德清县、慈溪市,温岭市、武义县、泰顺县、嵊州市,天台县、永康市、淳安县、宁海县,仙居县、岱山县、江山市、景宁畲族自治县,玉环市、海宁市、乐清市、余姚市
P0090,S0717,0.562672584120,0,0.000000000000,0.000000000000,4.000000000000,646.018334578363,91.187368793678,0.169630714895,871.747762104883,0.615831558096,0.455152980767,0.356364327272,185.507492386807,3.625000000000,杭州市、云和县、德清县、海宁市,宁波市、永康市、长兴县、三门县,温州市、缙云县、岱山县、温岭市,嘉兴市、浦江县、嵊泗县、仙居县,湖州市、松阳县、常山县、临海市,绍兴市、义乌市、安吉县、玉环市,金华市、苍南县、慈溪市、嘉善县,衢州市、磐安县、余姚市、淳安县,舟山市、永嘉县、海盐县、天台县,台州市、武义县、文成县、新昌县,丽水市、兰溪市、乐清市、诸暨市,遂昌县、瑞安市、象山县、嵊州市,庆元县、东阳市、江山市、建德市,龙泉市、龙港市、开化县、平湖市,青田县、平阳县、宁海县、桐乡市,景宁畲族自治县、泰顺县、龙游县、桐庐县
P0091,S0450,0.562482035463,0,0.000000000000,0.000000000000,4.000000000000,891.897823777821,102.337445131704,0.190847506264,887.696322865699,0.642547972741,0.481603897520,0.392537633714,177.690001983838,3.375000000000,杭州市、天台县、武义县、龙游县,宁波市、新昌县、平阳县、岱山县,温州市、海宁市、兰溪市、江山市,嘉兴市、庆元县、瑞安市、常山县,湖州市、嵊州市、浦江县、嵊泗县,绍兴市、遂昌县、义乌市、长兴县,金华市、缙云县、永嘉县、建德市,衢州市、诸暨市、慈溪市、桐庐县,舟山市、仙居县、余姚市、德清县,台州市、海盐县、永康市、泰顺县,丽水市、临海市、宁海县、苍南县,松阳县、三门县、磐安县、开化县,景宁畲族自治县、桐乡市、文成县、安吉县,龙泉市、玉环市、东阳市、乐清市,云和县、嘉善县、象山县、龙港市,青田县、平湖市、温岭市、淳安县
P0092,S1086,0.561910258384,0,0.000000000000,0.000000000000,4.000000000000,669.068358330999,96.049738057083,0.188760825772,866.769687678829,0.640353998625,0.477876028951,0.335815969514,188.447586234381,3.625000000000,杭州市、江山市、象山县、温岭市,宁波市、泰顺县、德清县、临海市,温州市、诸暨市、武义县、缙云县,嘉兴市、苍南县、长兴县、天台县,湖州市、常山县、永康市、景宁畲族自治县,绍兴市、龙港市、磐安县、仙居县,金华市、瑞安市、余姚市、庆元县,衢州市、新昌县、淳安县、青田县,舟山市、乐清市、东阳市、云和县,台州市、兰溪市、安吉县、岱山县,丽水市、龙游县、建德市、三门县,海宁市、文成县、桐庐县、遂昌县,嘉善县、嵊州市、义乌市、龙泉市,桐乡市、永嘉县、慈溪市、嵊泗县,海盐县、开化县、宁海县、玉环市,平湖市、平阳县、浦江县、松阳县
P0093,S0931,0.561526076654,0,0.000000000000,0.000000000000,4.000000000000,617.540427369015,82.036784780033,0.169275983830,873.303793295002,0.708095589303,0.461668888939,0.356296426663,181.969671919659,3.562500000000,杭州市、嵊州市、景宁畲族自治县、东阳市,宁波市、平阳县、仙居县、岱山县,温州市、江山市、缙云县、德清县,嘉兴市、慈溪市、临海市、建德市,湖州市、诸暨市、青田县、浦江县,绍兴市、龙港市、云和县、桐庐县,金华市、开化县、庆元县、天台县,衢州市、永嘉县、宁海县、淳安县,舟山市、海盐县、松阳县、武义县,台州市、嘉善县、嵊泗县、义乌市,丽水市、平湖市、象山县、永康市,苍南县、常山县、龙泉市、三门县,瑞安市、桐乡市、遂昌县、安吉县,乐清市、新昌县、温岭市、磐安县,泰顺县、龙游县、玉环市、长兴县,文成县、海宁市、余姚市、兰溪市
P0094,S1640,0.561010887370,0,0.000000000000,0.000000000000,4.000000000000,619.438826840493,75.982316680738,0.163071674398,838.271264301088,0.571197713343,0.409949535314,0.301606556831,183.646295532997,3.375000000000,杭州市、江山市、平湖市、遂昌县,宁波市、嵊泗县、临海市、缙云县,温州市、宁海县、桐乡市、龙泉市,嘉兴市、开化县、诸暨市、东阳市,湖州市、龙游县、青田县、义乌市,绍兴市、岱山县、三门县、松阳县,金华市、文成县、温岭市、长兴县,衢州市、永嘉县、天台县、德清县,舟山市、常山县、仙居县、磐安县,台州市、泰顺县、海盐县、兰溪市,丽水市、苍南县、新昌县、武义县,龙港市、慈溪市、嘉善县、安吉县,平阳县、余姚市、嵊州市、庆元县,建德市、象山县、海宁市、永康市,淳安县、瑞安市、云和县、浦江县,桐庐县、乐清市、玉环市、景宁畲族自治县
P0095,S1209,0.560823081017,0,0.000000000000,0.000000000000,4.000000000000,574.489151319393,78.718663143679,0.150332896939,884.140380616000,0.662968278906,0.475398516028,0.389193317721,173.942684780179,3.250000000000,杭州市、三门县、泰顺县、岱山县,宁波市、嘉善县、龙游县、永康市,温州市、庆元县、开化县、安吉县,嘉兴市、龙泉市、平阳县、兰溪市,湖州市、景宁畲族自治县、苍南县、浦江县,绍兴市、海盐县、常山县、嵊泗县,金华市、青田县、永嘉县、象山县,衢州市、平湖市、桐庐县、东阳市,舟山市、嵊州市、江山市、德清县,台州市、海宁市、建德市、长兴县,丽水市、新昌县、淳安县、余姚市,温岭市、云和县、桐乡市、武义县,玉环市、松阳县、龙港市、义乌市,天台县、缙云县、乐清市、磐安县,仙居县、诸暨市、文成县、宁海县,临海市、遂昌县、瑞安市、慈溪市
P0096,S1088,0.560787286118,0,0.000000000000,0.000000000000,4.000000000000,795.304316649348,93.107443043988,0.164930016676,888.586830210931,0.680140659333,0.502763625895,0.373358403982,169.908269738478,3.250000000000,杭州市、磐安县、景宁畲族自治县、嘉善县,宁波市、文成县、云和县、新昌县,温州市、嵊泗县、松阳县、临海市,嘉兴市、桐庐县、慈溪市、德清县,湖州市、永嘉县、遂昌县、嵊州市,绍兴市、乐清市、余姚市、温岭市,金华市、泰顺县、庆元县、玉环市,衢州市、岱山县、象山县、海宁市,舟山市、义乌市、龙泉市、长兴县,台州市、浦江县、宁海县、海盐县,丽水市、淳安县、兰溪市、天台县,开化县、平阳县、青田县、仙居县,龙游县、东阳市、缙云县、三门县,瑞安市、建德市、安吉县、平湖市,江山市、龙港市、武义县、诸暨市,常山县、苍南县、永康市、桐乡市
P0097,S0596,0.560763714684,0,0.000000000000,0.000000000000,4.000000000000,595.234028419938,79.644119642041,0.190739481217,877.955326572386,0.735063158712,0.511081384770,0.360436763268,184.960566066945,3.375000000000,杭州市、平阳县、海盐县、东阳市,宁波市、文成县、青田县、浦江县,温州市、慈溪市、桐庐县、景宁畲族自治县,嘉兴市、临海市、建德市、长兴县,湖州市、泰顺县、淳安县、永康市,绍兴市、永嘉县、平湖市、义乌市,金华市、嵊州市、嘉善县、龙泉市,衢州市、象山县、云和县、岱山县,舟山市、乐清市、龙游县、武义县,台州市、龙港市、海宁市、德清县,丽水市、余姚市、桐乡市、嵊泗县,玉环市、瑞安市、缙云县、兰溪市,仙居县、新昌县、遂昌县、安吉县,天台县、苍南县、江山市、磐安县,三门县、诸暨市、常山县、庆元县,温岭市、宁海县、开化县、松阳县
P0098,S0134,0.560760768987,0,0.000000000000,0.000000000000,4.000000000000,737.277929037178,91.513704196337,0.171048787531,857.245385322201,0.598487912831,0.427293674376,0.339448498369,180.244464482099,3.375000000000,杭州市、龙港市、嘉善县、仙居县,宁波市、缙云县、义乌市、岱山县,温州市、遂昌县、武义县、玉环市,嘉兴市、瑞安市、安吉县、江山市,湖州市、平阳县、海宁市、嵊州市,绍兴市、浦江县、桐乡市、龙游县,金华市、云和县、长兴县、临海市,衢州市、泰顺县、天台县、桐庐县,舟山市、庆元县、永康市、建德市,台州市、永嘉县、平湖市、嵊泗县,丽水市、乐清市、德清县、开化县,宁海县、龙泉市、温岭市、诸暨市,象山县、景宁畲族自治县、兰溪市、三门县,慈溪市、青田县、东阳市、淳安县,余姚市、文成县、海盐县、新昌县,苍南县、松阳县、磐安县、常山县
P0099,S1581,0.560755647583,0,0.000000000000,0.000000000000,4.000000000000,548.321609747980,81.931347996368,0.163135559389,851.425023603815,0.598078600278,0.432445912370,0.332199619596,183.417087561833,3.375000000000,杭州市、永康市、三门县、德清县,宁波市、景宁畲族自治县、泰顺县、诸暨市,温州市、浦江县、温岭市、江山市,嘉兴市、东阳市、瑞安市、象山县,湖州市、缙云县、仙居县、永嘉县,绍兴市、松阳县、天台县、平阳县,金华市、遂昌县、苍南县、嵊州市,衢州市、武义县、岱山县、长兴县,舟山市、磐安县、乐清市、宁海县,台州市、龙泉市、文成县、常山县,丽水市、嵊泗县、建德市、安吉县,桐乡市、青田县、临海市、余姚市,海盐县、庆元县、龙港市、龙游县,海宁市、兰溪市、桐庐县、开化县,嘉善县、云和县、淳安县、新昌县,平湖市、义乌市、玉环市、慈溪市
P0100,S1492,0.560603580888,0,0.000000000000,0.000000000000,4.000000000000,699.278935979458,85.786498469639,0.159461273387,881.529513419410,0.649452781124,0.468228993007,0.395781499593,174.456268144325,3.375000000000,杭州市、平阳县、临海市、景宁畲族自治县,宁波市、海盐县、天台县、新昌县,温州市、岱山县、三门县、诸暨市,嘉兴市、永康市、江山市、宁海县,湖州市、永嘉县、庆元县、桐庐县,绍兴市、平湖市、温岭市、松阳县,金华市、嘉善县、嵊泗县、余姚市,衢州市、苍南县、仙居县、云和县,舟山市、桐乡市、玉环市、建德市,台州市、乐清市、长兴县、缙云县,丽水市、东阳市、安吉县、嵊州市,浦江县、龙港市、青田县、慈溪市,义乌市、瑞安市、龙游县、象山县,兰溪市、文成县、开化县、淳安县,磐安县、海宁市、德清县、龙泉市,武义县、泰顺县、常山县、遂昌县
