市县名称,土地面积 (平方公里),年末常住人口 (万人),生产总值 （亿元,第一产业,第二产业,第三产业,工业,人均生产总值 (元),社会消费品零售总额 （亿元）,财政总收入 (亿元),一般公共预算收入 （亿元）,一般公共预算支出 （亿元,住户存款年末余额 (亿元),城镇居民人均可支配收入 (元),农村居民人均可支配收入 (元)
上城区,,139.00,2668.48,,621.95,2046.53,494.81,193298,1106.95,460.82,244.94,155.32,,82665,
拱墅区,,118.80,2091.48,,193.4,1898.09,124.99,176870,1363.87,359.39,199.18,132.23,,83039,
西湖区,,117.10,2087.38,3.52,144.61,1939.26,104.65,178561,906.26,449.64,233.78,169.29,,86521,
滨江区,,54.30,2467.92,0.55,923.95,1543.42,906.91,460003,568.16,462.46,242.14,181.88,,83205,
萧山区,,214.00,2230.69,57.05,823.95,1349.68,730.26,104974,1006.21,566.91,332.00,328.16,3485.08,81655,52719
余杭区,,140.50,2936.43,41.65,327.97,2566.81,281.44,212093,826.33,801.57,416.68,351.38,1477.91,84528,55223
临平区,,112.70,1067.27,16.8,557.27,493.19,526.67,95505,392.27,253.79,144.68,200.17,1413.96,82311,52610
钱塘区,,80.20,1270.39,12.78,824.37,433.24,772.07,158898,340.42,247.63,127.08,143.73,,82520,57525
富阳区,,85.70,960.88,53.37,405.29,502.21,346.96,112515,444.44,165.18,100.54,137.62,1049.38,74899,47653
临安区,,65.20,686.45,47.18,339.11,300.16,300.26,105608,246.18,141.25,87.60,105.68,776.23,70235,44682
桐庐县,1829,45.90,469.23,28.56,214.69,225.98,170.57,102340,173.85,78.89,45.03,72.80,578.19,67232,42843
淳安县,4418,32.10,280.49,44.46,75.94,160.10,47.75,86840,109.42,46.89,26.99,89.41,337.27,57548,27856
建德市,2314,44.30,450.11,39.58,213.77,196.76,177.16,101261,136.01,79.22,47.59,87.42,539.15,64531,38129
海曙区,595,106.53,1646.91,17.53,422.07,1207.30,338.94,155149,902.89,218.51,129.45,139.11,1810.09,85481,49550
江北区,208,51.32,910.17,8.97,298.41,602.79,250.91,179167,465.33,188.33,108.86,100.31,909.33,82850,51094
北仑区,599,89.38,2729.18,9.11,1232.58,1487.48,1164.51,307860,465.67,813.41,413.48,377.06,1071.57,82322,50622
镇海区,246,52.25,1420.04,7.49,973.19,439.36,911.49,273610,200.32,148.26,90.91,115.10,791.09,84527,50186
鄞州区,814,168.99,2803.35,31.22,790.17,1981.96,647.03,167264,1113.54,509.52,305.50,263.04,3197.96,88388,53273
奉化区,1268,58.86,960.40,36.83,577.53,346.04,521.27,163473,187.61,132.44,86.89,108.87,702.49,70625,43651
象山县,1382,57.71,770.15,100.11,293.02,377.02,220.89,133590,259.79,109.43,64.68,114.69,593.82,72676,44115
宁海县,1843,71.00,1001.17,55.68,484.16,461.33,430.54,141109,343.61,109.40,68.34,104.15,616.54,75559,44800
余姚市,1501,126.46,1571.06,52.63,906.57,611.86,850.36,124244,501.60,231.76,132.86,155.49,1878.92,77044,48669
慈溪市,1361,187.19,2639.45,64.17,1558.93,1016.35,1433.98,141261,772.18,393.76,221.71,254.35,2710.20,76803,50180
鹿城区,293,120.94,1401.07,2.24,344.94,1053.91,246.61,116708,882.04,56.58,35.91,88.70,,86782,49796
龙湾区,316,74.81,922.43,3.10,525.84,393.49,472.40,124066,448.85,93.76,54.08,75.12,,78250,
瓯海区,466,100.16,873.49,7.27,340.13,526.09,239.00,88009,407.38,69.15,42.85,71.63,,80687,50231
洞头区,273,15.78,150.04,8.65,51.35,90.04,29.97,95872,73.26,24.29,16.42,47.65,116.46,63785,41881
永嘉县,2677,88.10,564.45,18.67,256.96,288.82,182.01,64325,281.75,66.48,40.87,101.05,917.27,64337,34228
平阳县,1036,87.10,711.81,23.84,335.74,352.24,267.73,81959,301.64,66.75,40.03,97.71,868.45,65787,35097
苍南县,1079,84.85,471.92,31.92,185.09,254.91,101.86,55651,288.91,53.20,32.79,100.80,617.68,61292,33064
文成县,1296,29.22,136.81,10.69,33.73,92.39,14.90,47013,62.10,17.16,11.47,53.98,459.63,52216,26190
泰顺县,1768,26.94,157.60,11.05,60.10,86.44,19.63,58695,71.87,27.35,16.02,61.57,280.34,52696,26603
瑞安市,1342,153.46,1285.13,29.55,564.28,691.30,467.10,83913,622.18,126.56,75.82,141.65,2029.40,82476,45644
乐清市,1396,147.58,1663.53,23.09,740.06,900.38,681.77,113050,648.25,166.14,97.05,128.62,1944.17,81501,48480
龙港市,160,47.16,409.49,9.69,173.07,226.73,156.74,87034,167.34,31.50,20.47,39.23,285.28,68801,38425
南湖区,439,87.76,1001.92,14.97,456.12,530.83,395.62,114506,508.82,89.81,35.80,63.64,,69150,48617
秀洲区,548,71.16,903.92,19.46,465.49,418.96,418.15,127582,167.86,65.95,28.56,50.22,,68742,47793
嘉善县,507,66.44,908.11,23.69,516.48,367.95,479.59,136970,289.61,146.67,84.75,100.08,936.20,76921,50183
海盐县,596,47.09,668.31,20.10,384.88,263.33,360.70,142193,202.74,114.37,65.54,78.16,685.50,78591,50647
海宁市,863,110.68,1318.16,20.75,755.06,542.36,678.23,119345,557.71,174.37,100.13,121.36,1544.74,78874,51411
平湖市,557,69.22,1008.66,16.22,595.06,397.39,556.18,146183,302.23,151.38,88.98,114.22,860.31,78218,50249
桐乡市,727,106.05,1252.35,25.79,605.02,621.54,525.66,118426,484.48,179.08,107.02,142.97,1403.13,73941,49586
吴兴区,863,105.04,1240.21,27.78,554.65,657.78,466.09,118851,793.55,172.81,111.16,70.20,,76224,48421
南浔区,702,54.99,585.03,30.86,330.85,223.31,306.25,106757,134.37,71.15,42.13,67.50,,72126,47077
德清县,938,55.72,680.66,27.36,386.51,266.79,352.36,122531,184.66,142.40,85.02,107.53,750.51,75292,48795
长兴县,1431,68.16,893.98,40.73,436.75,416.50,398.08,131275,354.50,157.94,87.22,119.98,801.69,75387,48528
安吉县,1886,60.01,615.12,32.24,270.25,312.62,241.53,102862,240.84,112.95,65.11,93.72,654.03,71704,45469
越城区,534,113.06,1330.15,17.20,568.09,744.86,423.90,118078,792.97,145.66,90.22,108.21,1976.44,74596,48866
柯桥区,1066,112.45,2030.29,41.76,1017.98,970.54,878.25,181195,448.98,222.29,142.23,139.15,2020.63,87467,55299
上虞区,1365,80.28,1317.72,54.52,678.89,584.30,571.20,164612,446.76,161.47,97.67,137.50,1328.33,81366,47567
新昌县,1214,41.17,606.67,25.01,301.30,280.36,265.94,147969,222.07,78.40,46.30,73.70,527.40,75613,42068
诸暨市,2311,122.92,1755.29,55.91,826.01,873.37,685.26,143406,576.19,148.91,97.20,126.20,1715.96,84382,52684
嵊州市,1789,69.52,750.36,44.88,337.06,368.42,293.61,108356,333.38,77.90,50.81,92.52,874.36,76954,43408
婺城区,1391,97.80,804.83,17.36,260.11,527.35,204.90,82546,547.15,113.46,57.27,81.94,,68012,32040
金东区,658,52.00,320.88,13.87,139.50,167.51,105.68,61887,264.66,44.81,27.20,54.38,,60247,36125
武义县,1568,46.90,340.16,16.43,156.40,167.33,143.20,72528,123.42,54.54,34.66,60.88,514.48,54003,26990
浦江县,918,46.50,291.46,10.91,126.24,154.31,108.33,62815,111.81,39.04,25.38,57.66,499.71,61527,31843
磐安县,1195,17.90,139.75,14.12,54.25,71.38,39.27,78293,46.02,23.51,14.74,49.60,202.12,51266,25864
兰溪市,1313,58.10,496.75,26.07,242.18,228.50,221.67,85720,177.14,62.24,36.91,74.99,608.19,57966,29938
义乌市,1105,190.30,2055.62,26.22,628.42,1400.98,565.11,108447,1108.19,234.94,144.28,163.44,2892.49,93108,50828
东阳市,1747,109.30,805.85,21.85,360.14,423.86,268.47,73863,365.88,146.43,87.34,112.85,1391.60,71207,42944
永康市,1047,97.50,755.98,9.58,400.16,346.24,363.70,77616,397.48,114.08,71.53,92.93,1313.36,72049,41362
柯城区,607,54.80,670.68,8.49,278.45,383.74,242.71,123286,257.96,23.58,14.27,68.80,,64626,36410
衢江区,1748,37.60,327.72,20.55,156.23,150.94,138.70,87507,102.38,26.39,16.17,77.37,,51292,30301
常山县,1097,26.70,213.94,9.37,94.23,110.34,71.46,80731,106.65,29.91,19.93,68.47,259.22,52269,31266
开化县,2231,24.40,188.22,15.01,69.27,103.94,44.99,76670,107.14,30.50,22.56,75.72,253.07,48251,26496
龙游县,1143,36.70,318.94,12.73,135.67,170.54,108.97,86906,191.75,48.60,30.01,74.83,372.42,63490,34646
江山市,2019,49.50,405.77,25.05,175.13,205.59,134.43,81644,204.87,53.84,36.78,90.37,587.82,62980,36786
定海区,587,50.85,698.73,16.87,227.82,454.04,177.28,137545,265.03,61.68,30.77,51.79,920.55,83359,49269
普陀区,478,38.61,456.51,88.77,93.81,273.93,83.76,118267,215.63,51.24,32.60,66.77,540.40,74579,48833
岱山县,348,21.34,804.73,35.80,649.40,119.53,644.23,378696,97.57,32.26,22.71,56.78,245.13,68610,49728
嵊泗县,107,6.50,142.02,42.23,33.60,66.19,16.73,216821,39.62,16.52,12.41,45.26,85.76,68441,47267
椒江区,364,88.10,790.34,17.62,285.84,486.88,253.46,90896,324.01,86.58,52.31,64.60,861.72,81569,41511
黄岩区,988,71.10,637.70,23.83,283.83,330.04,259.11,89627,279.05,83.11,50.03,70.63,1127.73,73548,41229
路桥区,328,63.80,783.31,15.88,289.81,477.62,238.42,122583,423.09,92.88,53.14,56.25,1214.95,89028,45542
三门县,1105,38.70,350.65,41.92,165.29,143.44,144.02,91554,121.67,52.54,36.75,69.82,343.28,60205,34890
天台县,1432,46.90,368.88,16.48,140.72,211.68,118.22,78568,158.24,41.98,25.90,73.83,488.49,60127,32450
仙居县,2000,43.30,321.02,18.19,134.16,168.67,109.87,74397,128.02,37.75,23.70,65.59,512.65,55496,31046
温岭市,1074,144.10,1351.32,96.02,563.52,691.78,432.66,94366,793.92,144.75,85.77,122.85,1991.38,76539,44593
临海市,2251,110.90,891.88,58.85,378.57,454.46,318.34,80241,291.39,115.53,68.05,114.35,1287.29,68229,39839
玉环市,510,64.30,745.98,45.42,387.01,313.55,357.98,115209,246.83,94.88,55.70,78.46,852.10,88361,47535
莲都区,1493,57.78,518.46,22.14,170.36,325.96,130.24,90403,254.31,106.18,64.29,164.25,820.76,61853,39164
青田县,2477,51.66,300.19,11.38,114.45,174.36,94.93,58289,107.66,36.50,24.39,78.18,1008.28,60074,35353
缙云县,1494,40.80,319.73,13.05,147.83,158.86,118.02,78655,128.67,37.70,23.52,80.09,392.61,57563,31162
遂昌县,2540,19.32,181.07,14.46,74.33,92.28,61.60,93576,81.08,24.71,16.58,63.45,220.30,60498,29239
松阳县,1401,20.29,153.99,14.44,62.69,76.86,51.23,75485,68.59,17.08,10.88,62.65,223.41,53155,27527
云和县,990,12.63,103.70,5.68,49.66,48.36,43.86,81977,50.14,15.75,9.48,42.02,131.81,55430,28086
庆元县,1897,14.10,101.04,8.35,34.38,58.31,24.49,71405,54.07,11.21,6.51,47.33,156.20,52102,25874
景宁县,1939,11.06,102.82,7.75,23.83,71.25,14.30,93052,38.82,44.96,17.88,51.58,111.16,49767,28100
龙泉市,3044,25.16,183.53,17.79,62.55,103.19,46.25,73266,88.29,18.60,12.52,64.10,257.04,60083,32919
